InvoiceNo,StockCode,Description,Quantity,InvoiceDate,UnitPrice,CustomerID,Country
539718,22810,SET OF 6 T-LIGHTS SNOWMEN,2,12/21/10 13:06,5.91,,United Kingdom
553369,23172,REGENCY TEA PLATE PINK,12,5/16/11 14:30,1.65,15044,United Kingdom
537666,22457,NATURAL SLATE HEART CHALKBOARD ,5,12/7/10 18:36,5.91,,United Kingdom
575947,22615,PACK OF 12 CIRCUS PARADE TISSUES ,3,11/13/11 11:50,0.79,,United Kingdom
574941,22952,60 CAKE CASES VINTAGE CHRISTMAS,245,11/7/11 17:42,1.5,,United Kingdom
565840,22079,RIBBON REEL HEARTS DESIGN ,1,9/7/11 12:02,3.29,,United Kingdom
556012,15044B,,-27,6/8/11 11:45,0,,United Kingdom
547063,23180,MUM'S KITCHEN CLOCK,4,3/20/11 13:33,4.95,14769,United Kingdom
542797,84997D,PINK 3 PIECE POLKADOT CUTLERY SET,1,2/1/11 11:08,3.75,17884,United Kingdom
576910,15044A,PINK PAPER PARASOL ,6,11/17/11 9:51,2.95,12477,Germany
550183,21495,SKULLS AND CROSSBONES WRAP,25,4/14/11 17:58,0.42,14105,United Kingdom
576236,85034C,3 ROSE MORRIS BOXED CANDLES,2,11/14/11 13:31,1.25,13755,United Kingdom
560090,22342,HOME GARLAND PAINTED ZINC ,2,7/14/11 16:46,1.63,,United Kingdom
570245,23202,JUMBO BAG VINTAGE LEAF,7,10/9/11 16:11,2.08,14415,United Kingdom
572921,23138,SINGLE WIRE HOOK IVORY HEART,1,10/26/11 16:57,1.45,15993,United Kingdom
578347,84030E,ENGLISH ROSE HOT WATER BOTTLE,1,11/24/11 9:26,8.29,,United Kingdom
543809,84029G,KNITTED UNION FLAG HOT WATER BOTTLE,4,2/13/11 13:52,3.75,17095,United Kingdom
C557663,22630,DOLLY GIRL LUNCH BOX,-9,6/21/11 17:59,1.95,,EIRE
548451,21790,VINTAGE SNAP CARDS,3,3/31/11 11:25,0.85,17365,United Kingdom
576076,22616,PACK OF 12 LONDON TISSUES ,12,11/13/11 16:18,0.39,14382,United Kingdom
579525,21914,BLUE HARMONICA IN BOX ,48,11/30/11 8:23,1.25,15113,United Kingdom
577078,72800E,4 IVORY DINNER CANDLES SILVER FLOCK,1,11/17/11 15:17,3.29,,United Kingdom
574076,71403,"PINK/WHITE ""KEEP CLEAN"" BULLET BIN",1,11/2/11 15:38,5.79,,United Kingdom
545559,82484,WOOD BLACK BOARD ANT WHITE FINISH,1,3/3/11 15:31,7.9,15005,United Kingdom
545078,72760B,VINTAGE CREAM 3 BASKET CAKE STAND,1,2/28/11 10:15,20.79,,United Kingdom
550389,22292,HANGING CHICK  YELLOW DECORATION,3,4/18/11 11:53,1.45,17284,United Kingdom
562433,23200,JUMBO BAG PEARS,100,8/4/11 17:40,1.79,17677,United Kingdom
562528,21086,SET/6 RED SPOTTY PAPER CUPS,12,8/5/11 13:52,0.65,12610,Italy
548708,85123A,WHITE HANGING HEART T-LIGHT HOLDER,3,4/3/11 12:41,2.95,13269,United Kingdom
554866,47590A,BLUE HAPPY BIRTHDAY BUNTING,3,5/27/11 10:41,5.45,13488,United Kingdom
562113,20839,FRENCH PAISLEY CUSHION COVER ,2,8/2/11 16:11,3.29,,United Kingdom
537409,72802C,VANILLA SCENT CANDLE JEWELLED BOX,6,12/6/10 15:00,4.25,15194,United Kingdom
541854,22553,PLASTERS IN TIN SKULLS,1,1/23/11 14:58,1.65,18283,United Kingdom
550135,84997B,CHILDRENS CUTLERY RETROSPOT RED ,288,4/14/11 13:52,3.39,15769,United Kingdom
579516,21975,PACK OF 60 DINOSAUR CAKE CASES,4,11/29/11 17:52,0.55,17841,United Kingdom
581034,20724,RED RETROSPOT CHARLOTTE BAG,10,12/7/11 10:48,0.85,17049,United Kingdom
544191,21472,LADYBIRD + BEE RAFFIA FOOD COVER,6,2/16/11 16:57,3.75,13089,United Kingdom
543542,22046,TEA PARTY  WRAPPING PAPER ,25,2/9/11 15:25,0.42,16607,United Kingdom
576137,22752,SET 7 BABUSHKA NESTING BOXES,24,11/14/11 10:45,7.65,15482,United Kingdom
563936,23268,SET OF 2 CERAMIC CHRISTMAS REINDEER,12,8/22/11 9:03,1.45,17828,Malta
558248,85099B,JUMBO BAG RED RETROSPOT,100,6/27/11 16:48,1.79,13798,United Kingdom
580552,23492,VINTAGE JINGLE BELLS WREATH,4,12/5/11 10:09,8.25,15572,United Kingdom
569405,22751,FELTCRAFT PRINCESS OLIVIA DOLL,4,10/4/11 9:05,3.75,15241,United Kingdom
546896,79190B,RETRO PLASTIC POLKA TRAY,1,3/17/11 18:24,0.83,,United Kingdom
C538755,22423,REGENCY CAKESTAND 3 TIER,-1,12/14/10 11:30,12.75,16782,United Kingdom
567473,23397,FOOT STOOL HOME SWEET HOME ,8,9/20/11 12:50,8.15,17841,United Kingdom
548158,22979,PANTRY WASHING UP BRUSH,3,3/29/11 13:28,1.45,15906,United Kingdom
542541,22077,6 RIBBONS RUSTIC CHARM,1,1/28/11 14:25,3.29,,United Kingdom
565322,22356,CHARLOTTE BAG PINK POLKADOT,10,9/2/11 13:15,0.85,12437,France
555574,23173,REGENCY TEAPOT ROSES ,2,6/5/11 15:46,9.95,12417,Belgium
546084,20723,STRAWBERRY CHARLOTTE BAG,10,3/9/11 11:28,0.85,14112,United Kingdom
546092,22851,SET 20 NAPKINS FAIRY CAKES DESIGN ,12,3/9/11 11:54,0.85,17138,United Kingdom
540801,84800L,LARGE WHITE/PINK ROSE ART FLOWER,24,1/11/11 12:25,1.69,12540,Spain
578019,23146,TRIPLE HOOK ANTIQUE IVORY ROSE,1,11/22/11 13:11,3.29,17360,United Kingdom
572457,20712,JUMBO BAG WOODLAND ANIMALS,10,10/24/11 12:44,2.08,12594,Italy
567085,21204,DAISIES  HONEYCOMB GARLAND ,12,9/16/11 12:38,1.65,12434,Australia
539492,84673B,BLUE FLY SWAT,1,12/20/10 10:14,1.28,,United Kingdom
537216,22357,KINGS CHOICE BISCUIT TIN,4,12/5/10 15:40,4.25,15502,United Kingdom
571705,23008,DOLLY GIRL BABY GIFT SET,2,10/18/11 15:22,16.95,12360,Austria
575930,84997B,CHILDRENS CUTLERY RETROSPOT RED ,1,11/11/11 17:58,8.29,,United Kingdom
537658,22189,CREAM HEART CARD HOLDER,36,12/7/10 16:43,2.31,18102,United Kingdom
561030,22120,WELCOME  WOODEN BLOCK LETTERS,2,7/24/11 11:25,9.95,16407,United Kingdom
565401,85114B,IVORY ENCHANTED FOREST PLACEMAT,2,9/2/11 17:38,1.65,16686,United Kingdom
554512,20707,CRAZY DAISY HEART DECORATION,3,5/24/11 15:54,0.83,,United Kingdom
547830,22891,TEA FOR ONE POLKADOT,1,3/25/11 15:50,8.29,,United Kingdom
578808,15044D,RED PAPER PARASOL,3,11/25/11 13:23,2.95,16327,United Kingdom
578270,22599,CHRISTMAS MUSICAL ZINC STAR,2,11/23/11 13:39,1.63,14096,United Kingdom
553134,20914,SET/5 RED RETROSPOT LID GLASS BOWLS,12,5/13/11 12:50,2.95,15382,United Kingdom
566024,21754,HOME BUILDING BLOCK WORD,3,9/8/11 12:51,6.25,13871,United Kingdom
550499,84912A,PINK ROSE WASHBAG,2,4/18/11 15:16,3.29,,United Kingdom
560442,21787,RAIN PONCHO RETROSPOT,3,7/18/11 16:59,0.85,15860,United Kingdom
570674,35968,FOLK ART METAL HEART T-LIGHT HOLDER,12,10/11/11 14:59,0.38,14911,EIRE
561209,21944,KITTENS DESIGN FLANNEL,2,7/25/11 16:57,0.83,,United Kingdom
580393,17012F,ORIGAMI SANDLEWOOD INCENSE/CAND SET,2,12/4/11 10:51,0.85,16438,United Kingdom
540681,22248,DECORATION  PINK CHICK MAGIC GARDEN,2,1/10/11 16:25,0.81,,United Kingdom
571272,22111,SCOTTIE DOG HOT WATER BOTTLE,12,10/16/11 12:19,4.95,13878,United Kingdom
540357,21873,IF YOU CAN'T STAND THE HEAT MUG,108,1/6/11 15:14,0.42,13093,United Kingdom
541592,22954,HEN PARTY CORDON BARRIER TAPE,1,1/19/11 15:08,2.46,,United Kingdom
564356,22411,JUMBO SHOPPER VINTAGE RED PAISLEY,5,8/24/11 15:47,2.08,13969,United Kingdom
571559,84997D,CHILDRENS CUTLERY POLKADOT PINK,4,10/18/11 9:32,4.15,14911,EIRE
537819,84991,60 TEATIME FAIRY CAKE CASES,24,12/8/10 13:55,0.55,15298,United Kingdom
573914,22617,BAKING SET SPACEBOY DESIGN,12,11/1/11 15:53,4.95,14383,United Kingdom
577516,22363,GLASS JAR MARMALADE ,1,11/20/11 13:08,2.95,16533,United Kingdom
544323,85111,SILVER GLITTER FLOWER VOTIVE HOLDER,1,2/17/11 15:51,2.46,,United Kingdom
575930,22026,BANQUET BIRTHDAY  CARD  ,1,11/11/11 17:58,0.83,,United Kingdom
566281,22816,CARD MOTORBIKE SANTA,60,9/11/11 14:15,0.42,12748,United Kingdom
579512,22666,RECIPE BOX PANTRY YELLOW DESIGN,2,11/29/11 16:47,5.79,,United Kingdom
557643,85174,S/4 CACTI CANDLES,1,6/21/11 16:36,10.79,,United Kingdom
544476,21212,PACK OF 72 RETROSPOT CAKE CASES,2,2/21/11 9:58,0.55,14796,United Kingdom
561807,85014A,BLACK/BLUE POLKADOT UMBRELLA,3,7/29/11 15:02,5.95,17491,United Kingdom
572302,22734,SET OF 6 RIBBONS VINTAGE CHRISTMAS,1,10/23/11 14:47,2.89,15427,United Kingdom
576339,22195,LARGE HEART MEASURING SPOONS,5,11/14/11 15:27,3.29,14096,United Kingdom
543394,22723,SET OF 6 HERB TINS SKETCHBOOK,96,2/8/11 10:17,3.45,15797,United Kingdom
575845,22661,CHARLOTTE BAG DOLLY GIRL DESIGN,20,11/11/11 12:07,0.85,12598,France
539439,85123A,WHITE HANGING HEART T-LIGHT HOLDER,6,12/17/10 15:14,2.95,13869,United Kingdom
562772,22629,SPACEBOY LUNCH BOX ,3,8/9/11 12:07,1.95,13097,United Kingdom
568172,23078,ICE CREAM PEN LIP GLOSS ,96,9/25/11 13:13,1.25,12348,Finland
568650,84849A,HELLO SAILOR BLUE SOAP HOLDER,12,9/28/11 11:56,1.69,13505,Switzerland
563580,21034,REX CASH+CARRY JUMBO SHOPPER,3,8/17/11 15:53,0.95,16706,United Kingdom
546092,47566B,TEA TIME PARTY BUNTING,4,3/9/11 11:54,4.95,17138,United Kingdom
579274,22692,DOORMAT WELCOME TO OUR HOME,2,11/29/11 10:01,8.25,13467,United Kingdom
566291,22693,GROW A FLYTRAP OR SUNFLOWER IN TIN,24,9/11/11 15:31,1.25,12965,United Kingdom
574950,22142,CHRISTMAS CRAFT WHITE FAIRY ,1,11/8/11 9:29,3.29,,United Kingdom
C569985,84879,ASSORTED COLOUR BIRD ORNAMENT,-16,10/6/11 19:51,1.69,15365,United Kingdom
550512,22766,PHOTO FRAME CORNICE,2,4/18/11 16:31,2.95,18069,United Kingdom
550766,84755,COLOUR GLASS T-LIGHT HOLDER HANGING,16,4/20/11 12:30,0.65,17463,United Kingdom
560111,84874B,,-3,7/15/11 9:52,0,,United Kingdom
550328,22063,CERAMIC BOWL WITH STRAWBERRY DESIGN,2,4/17/11 13:18,2.95,17582,United Kingdom
572302,22577,WOODEN HEART CHRISTMAS SCANDINAVIAN,5,10/23/11 14:47,0.29,15427,United Kingdom
577106,22578,WOODEN STAR CHRISTMAS SCANDINAVIAN,4,11/17/11 17:18,0.29,14456,United Kingdom
568059,21876,POTTERING MUG,6,9/23/11 12:58,1.65,13097,United Kingdom
554514,21884,CAKES AND BOWS GIFT  TAPE,1,5/24/11 15:58,1.63,,United Kingdom
564342,22956,36 FOIL HEART CAKE CASES,2,8/24/11 14:53,2.1,16340,United Kingdom
572045,79321,CHILLI LIGHTS,1,10/20/11 12:11,5.75,14527,United Kingdom
556263,23177,TREASURE ISLAND BOOK BOX,2,6/9/11 18:41,2.25,13969,United Kingdom
567709,21889,WOODEN BOX OF DOMINOES,12,9/22/11 9:53,1.25,15239,United Kingdom
570594,23245,SET OF 3 REGENCY CAKE TINS,4,10/11/11 11:43,4.95,13517,United Kingdom
580115,21900,"KEY FOB , SHED",2,12/1/11 16:22,1.63,,United Kingdom
573139,23192,BUNDLE OF 3 ALPHABET EXERCISE BOOKS,1,10/27/11 17:29,1.65,14716,United Kingdom
559689,23126,FELTCRAFT GIRL AMELIE KIT,1,7/11/11 15:46,4.95,,United Kingdom
537858,21329,DINOSAURS  WRITING SET ,1,12/8/10 16:06,1.65,,United Kingdom
567676,22617,BAKING SET SPACEBOY DESIGN,3,9/21/11 15:54,4.95,15114,United Kingdom
552950,84818,DANISH ROSE PHOTO FRAME,6,5/12/11 12:01,2.55,16116,United Kingdom
554039,22178,VICTORIAN GLASS HANGING T-LIGHT,24,5/20/11 14:27,1.25,15095,United Kingdom
578028,21935,SUKI  SHOULDER BAG,1,11/22/11 13:30,1.65,17371,United Kingdom
578995,85202,HANGING WOOD AND FELT HEART,1,11/27/11 15:59,0.42,15861,United Kingdom
540977,21324,HANGING MEDINA LANTERN SMALL,2,1/12/11 15:01,5.91,,United Kingdom
536796,22634,CHILDS BREAKFAST SET SPACEBOY ,1,12/2/10 15:46,9.95,15574,United Kingdom
567280,23293,SET OF 12 FAIRY CAKE BAKING CASES,128,9/19/11 11:46,0.72,14646,Netherlands
552277,21586,KINGS CHOICE GIANT TUBE MATCHES,1,5/8/11 12:34,2.55,13642,United Kingdom
572897,22721,SET OF 3 CAKE TINS SKETCHBOOK,1,10/26/11 14:42,10.79,,United Kingdom
576688,23093,SMALL PARISIENNE HEART PHOTO FRAME ,8,11/16/11 12:16,2.49,16717,United Kingdom
543190,72780,BLACK SILOUETTE CANDLE PLATE,12,2/4/11 11:52,0.85,17226,United Kingdom
573401,22613,PACK OF 20 SPACEBOY NAPKINS,12,10/30/11 15:43,0.85,12364,Belgium
550320,21563,RED HEART SHAPE LOVE BUCKET ,3,4/17/11 12:38,2.95,12748,United Kingdom
549316,21042,RED RETROSPOT APRON ,3,4/8/11 9:54,5.95,12705,Germany
546891,22419,LIPSTICK PEN RED,1,3/17/11 18:18,0.83,,United Kingdom
564045,22801,ANTIQUE GLASS PEDESTAL BOWL,48,8/22/11 12:59,3.39,16013,United Kingdom
544201,37333,"RETRO ""TEA FOR ONE"" ",1,2/17/11 10:11,10.79,,United Kingdom
547828,21669,BLUE STRIPE CERAMIC DRAWER KNOB,48,3/25/11 15:18,1.25,16618,United Kingdom
580959,22111,SCOTTIE DOG HOT WATER BOTTLE,3,12/6/11 14:31,4.95,14673,United Kingdom
549031,10134,,-19,4/5/11 17:04,0,,United Kingdom
551997,84951B,SET OF 4 BLACK LOVEBIRD COASTERS,2,5/5/11 15:47,2.46,,United Kingdom
553202,21395,BLUE POLKADOT BEAKER ,1,5/15/11 16:02,0.39,15854,United Kingdom
C543755,22311,OFFICE MUG WARMER BLACK+SILVER ,-6,2/11/11 14:48,2.95,14304,United Kingdom
563234,23292,SPACEBOY CHILDRENS CUP,8,8/15/11 8:26,1.25,13621,United Kingdom
569702,23201,JUMBO BAG ALPHABET,2,10/5/11 16:09,2.08,14396,United Kingdom
546423,22624,IVORY KITCHEN SCALES,1,3/13/11 12:39,8.5,14502,United Kingdom
555320,23182,TOILET SIGN OCCUPIED OR VACANT,2,6/2/11 11:00,2.5,,United Kingdom
570410,22130,PARTY CONE CHRISTMAS DECORATION ,12,10/10/11 13:04,0.85,16776,United Kingdom
574950,20727,LUNCH BAG  BLACK SKULL.,1,11/8/11 9:29,4.13,,United Kingdom
551531,22619,SET OF 6 SOLDIER SKITTLES,4,5/1/11 13:45,3.75,15376,United Kingdom
570598,21166,COOK WITH WINE METAL SIGN ,12,10/11/11 11:55,2.08,14175,United Kingdom
569374,17012F,ORIGAMI SANDLEWOOD INCENSE/CAND SET,1,10/3/11 16:14,2.46,,United Kingdom
537831,84692,BOX OF 24 COCKTAIL PARASOLS,6,12/8/10 14:50,0.42,17894,United Kingdom
571559,21212,PACK OF 72 RETROSPOT CAKE CASES,24,10/18/11 9:32,0.55,14911,EIRE
581412,22838,3 TIER CAKE TIN RED AND CREAM,1,12/8/11 14:38,14.95,14415,United Kingdom
539659,22685,FRENCH BLUE METAL DOOR SIGN 0,20,12/21/10 9:47,1.25,15034,United Kingdom
548975,22083,PAPER CHAIN KIT RETROSPOT,6,4/5/11 11:47,2.95,17596,United Kingdom
560230,21371,MIRRORED WALL ART POPPIES,12,7/17/11 10:53,0.75,12600,Germany
538071,21261,GREEN GOOSE FEATHER CHRISTMAS TREE ,1,12/9/10 14:09,7.62,,United Kingdom
573093,23374,RED SPOT PAPER GIFT BAG,1,10/27/11 14:38,0.82,18283,United Kingdom
559301,22671,FRENCH LAUNDRY SIGN BLUE METAL,12,7/7/11 12:41,1.65,13842,United Kingdom
565934,22838,3 TIER CAKE TIN RED AND CREAM,1,9/8/11 10:45,14.95,18222,United Kingdom
550129,47590A,BLUE HAPPY BIRTHDAY BUNTING,3,4/14/11 13:17,5.45,13001,United Kingdom
576809,22090,PAPER BUNTING RETROSPOT,6,11/16/11 14:20,2.95,14851,United Kingdom
543997,21641,ASSORTED TUTTI FRUTTI KEYRING BALL,3,2/15/11 10:49,0.85,17348,United Kingdom
550953,22251,BIRDHOUSE DECORATION MAGIC GARDEN,2,4/21/11 16:17,2.46,,United Kingdom
579472,23365,SET 12 COLOUR PENCILS LOVE LONDON,1,11/29/11 15:09,0.65,13521,United Kingdom
572552,84596G,SMALL CHOCOLATES PINK BOWL,2,10/24/11 17:07,0.83,14096,United Kingdom
556477,47566B,TEA TIME PARTY BUNTING,3,6/12/11 12:20,4.95,12841,United Kingdom
552860,23053,RECYCLED ACAPULCO MAT PINK,1,5/11/11 16:26,8.25,17889,United Kingdom
573373,85227,SET OF 6 3D KIT CARDS FOR KIDS,6,10/30/11 13:37,0.85,14684,United Kingdom
581439,23005,TRAVEL CARD WALLET I LOVE LONDON,1,12/8/11 16:30,0.83,,United Kingdom
551860,22502,PICNIC BASKET WICKER SMALL,1,5/4/11 15:41,5.95,15508,United Kingdom
567806,22767,TRIPLE PHOTO FRAME CORNICE ,16,9/22/11 12:22,6.72,18102,United Kingdom
579069,84969,BOX OF 6 ASSORTED COLOUR TEASPOONS,12,11/28/11 10:31,4.25,14911,EIRE
537047,22594,CHRISTMAS GINGHAM TREE,10,12/5/10 11:02,0.85,13069,United Kingdom
547937,22498,WOODEN REGATTA BUNTING,1,3/28/11 14:27,5.95,15068,United Kingdom
562376,85032D,YULETIDE IMAGES GIFT WRAP SET,12,8/4/11 15:04,0.65,15254,United Kingdom
543111,21212,PACK OF 72 RETROSPOT CAKE CASES,4,2/3/11 12:44,0.55,15719,United Kingdom
549196,21498,RED RETROSPOT WRAP ,50,4/7/11 10:33,0.42,14911,EIRE
562377,21034,REX CASH+CARRY JUMBO SHOPPER,1,8/4/11 15:04,0.95,14535,United Kingdom
575930,90016B,GOLD/M.O.P PENDANT ORBIT NECKLACE,1,11/11/11 17:58,8.32,,United Kingdom
573904,47504K,ENGLISH ROSE GARDEN SECATEURS,3,11/1/11 14:54,0.79,14505,United Kingdom
541596,20974,12 PENCILS SMALL TUBE SKULL,5,1/19/11 16:19,0.65,17602,United Kingdom
557493,21867,PINK UNION JACK  LUGGAGE TAG,2,6/20/11 15:18,2.46,,United Kingdom
549732,84755,COLOUR GLASS T-LIGHT HOLDER HANGING,16,4/11/11 16:47,0.65,15615,United Kingdom
543467,21880,RED RETROSPOT TAPE,1,2/8/11 14:35,0.42,,United Kingdom
577698,22487,WHITE WOOD GARDEN PLANT LADDER,2,11/21/11 12:05,9.95,14963,United Kingdom
564974,22701,PINK DOG BOWL,1,8/31/11 15:32,2.46,,United Kingdom
581492,22326,ROUND SNACK BOXES SET OF4 WOODLAND ,3,12/9/11 10:03,5.79,,United Kingdom
556243,84569D,PACK 6 HEART/ICE-CREAM PATCHES,1,6/9/11 16:07,2.46,,United Kingdom
541206,22417,PACK OF 60 SPACEBOY CAKE CASES,120,1/14/11 12:24,0.42,14646,Netherlands
569833,22120,WELCOME  WOODEN BLOCK LETTERS,3,10/6/11 12:56,9.95,15306,United Kingdom
536674,84755,COLOUR GLASS T-LIGHT HOLDER HANGING,32,12/2/10 12:16,0.65,15923,United Kingdom
578277,22809,SET OF 6 T-LIGHTS SANTA,2,11/23/11 13:51,2.95,12723,France
543191,21989,PACK OF 20 SKULL PAPER NAPKINS,1,2/4/11 11:54,0.85,13137,United Kingdom
571508,21156,RETROSPOT CHILDRENS APRON,1,10/17/11 15:27,4.13,,United Kingdom
573286,21485,RETROSPOT HEART HOT WATER BOTTLE,2,10/28/11 14:38,4.95,,Switzerland
546155,21983,PACK OF 12 BLUE PAISLEY TISSUES ,24,3/10/11 8:29,0.29,15632,United Kingdom
556198,22523,CHILDS GARDEN FORK PINK,5,6/9/11 12:30,0.85,14963,United Kingdom
553523,21484,CHICK GREY HOT WATER BOTTLE,2,5/17/11 14:46,8.29,,United Kingdom
575510,22973,CHILDREN'S CIRCUS PARADE MUG,96,11/10/11 10:33,1.45,14646,Netherlands
554511,21981,PACK OF 12 WOODLAND TISSUES ,1,5/24/11 15:52,0.83,,United Kingdom
555284,72741,GRAND CHOCOLATECANDLE,36,6/2/11 9:37,1.25,14298,United Kingdom
539475,22555,PLASTERS IN TIN STRONGMAN,1,12/19/10 14:41,1.65,16686,United Kingdom
538566,22209,WOOD STAMP SET HAPPY BIRTHDAY,1,12/13/10 11:21,3.36,,United Kingdom
543532,37340,MULTICOLOUR SPRING FLOWER MUG,1,2/9/11 12:59,8.29,,United Kingdom
559421,20677,PINK POLKADOT BOWL,8,7/8/11 11:55,1.25,12648,Germany
568989,20727,LUNCH BAG  BLACK SKULL.,10,9/29/11 16:41,1.65,14709,United Kingdom
569544,22703,PINK CAT BOWL,1,10/4/11 16:33,1.63,,United Kingdom
568651,22374,AIRLINE BAG VINTAGE JET SET RED,4,9/28/11 12:04,4.25,12362,Belgium
552894,21704,BAG 250g SWIRLY MARBLES,1,5/12/11 10:53,0.85,14606,United Kingdom
569721,23354,6 GIFT TAGS 50'S CHRISTMAS ,12,10/6/11 9:28,0.83,12628,Germany
581376,22417,PACK OF 60 SPACEBOY CAKE CASES,6,12/8/11 12:43,0.55,14719,United Kingdom
581501,23143,ZINC WIRE KITCHEN ORGANISER,4,12/9/11 10:46,3.95,12985,United Kingdom
564439,40016,CHINESE DRAGON PAPER LANTERNS,36,8/25/11 12:12,0.42,12841,United Kingdom
571035,21238,RED RETROSPOT CUP,8,10/13/11 12:50,0.85,12446,RSA
555289,23207,LUNCH BAG ALPHABET DESIGN,10,6/2/11 10:00,1.65,15078,United Kingdom
C548460,21622,VINTAGE UNION JACK CUSHION COVER,-4,3/31/11 11:58,4.95,16801,United Kingdom
578541,23115,RED APPLES CHOPPING BOARD   ,2,11/24/11 15:01,4.95,14277,France
567454,22210,WOOD STAMP SET BEST WISHES,12,9/20/11 12:12,0.83,15839,United Kingdom
554948,22433,WATERING CAN GREEN DINOSAUR,6,5/27/11 14:29,1.95,14447,United Kingdom
581578,23550,WRAP ALPHABET POSTER  ,25,12/9/11 12:16,0.42,12713,Germany
C558716,22418,10 COLOUR SPACEBOY PEN,-10,7/1/11 13:22,0.85,17888,United Kingdom
561542,23076,ICE CREAM SUNDAE LIP GLOSS,24,7/28/11 10:09,1.25,15105,United Kingdom
558862,22139,RETROSPOT TEA SET CERAMIC 11 PC ,3,7/4/11 12:25,4.95,13901,United Kingdom
551564,21116,OWL DOORSTOP,3,5/3/11 10:56,4.95,16609,United Kingdom
549295,21326,AGED GLASS SILVER T-LIGHT HOLDER,14,4/7/11 19:49,1.63,,United Kingdom
579187,21065,BOOM BOX SPEAKER GIRLS,1,11/28/11 15:31,4.13,,United Kingdom
552464,22435,SET OF 9 HEART SHAPED BALLOONS,24,5/9/11 15:12,1.25,12726,France
557258,23039,T-LIGHT HOLDER SILVER HEART HANDLE,6,6/19/11 10:35,1.95,12951,United Kingdom
572499,23541,WALL ART CLASSIC PUDDINGS ,2,10/24/11 14:10,8.25,15786,United Kingdom
566599,22302,COFFEE MUG PEARS  DESIGN,2,9/13/11 15:37,2.55,15998,United Kingdom
560225,21683,MEDIUM MEDINA STAMPED METAL BOWL ,2,7/15/11 16:27,5.79,,United Kingdom
545044,21086,SET/6 RED SPOTTY PAPER CUPS,12,2/27/11 11:31,0.65,15738,United Kingdom
553718,85087,CANDY SPOT CUSHION COVER,1,5/18/11 16:14,3.29,,United Kingdom
553767,22386,JUMBO BAG PINK POLKADOT,4,5/19/11 10:46,4.13,,United Kingdom
574528,22470,HEART OF WICKER LARGE,6,11/4/11 14:03,2.95,16782,United Kingdom
581164,85048,15CM CHRISTMAS GLASS BALL 20 LIGHTS,1,12/7/11 14:34,7.95,14395,United Kingdom
540352,21028,NINJA RABBIT BLACK,3,1/6/11 14:27,0.85,,United Kingdom
539030,22801,ANTIQUE GLASS PEDESTAL BOWL,4,12/15/10 14:25,3.75,13089,United Kingdom
556497,22720,SET OF 3 CAKE TINS PANTRY DESIGN ,3,6/12/11 15:31,4.95,15271,United Kingdom
546635,21898,POTTING SHED ROSE CANDLE,1,3/15/11 12:11,2.95,16392,United Kingdom
C574897,AMAZONFEE,AMAZON FEE,-1,11/7/11 15:03,5877.18,,United Kingdom
540412,22470,HEART OF WICKER LARGE,6,1/7/11 10:27,2.95,13842,United Kingdom
554070,22212,FOUR HOOK  WHITE LOVEBIRDS,8,5/22/11 11:06,2.1,13555,United Kingdom
566554,22437,SET OF 9 BLACK SKULL BALLOONS,20,9/13/11 11:39,0.85,13136,United Kingdom
569253,84947,ANTIQUE SILVER TEA GLASS ENGRAVED,12,10/3/11 10:55,1.25,13635,United Kingdom
546008,20770,ABSTRACT CIRCLE JOURNAL ,1,3/8/11 15:43,2.46,,United Kingdom
562417,23182,TOILET SIGN OCCUPIED OR VACANT,1,8/4/11 16:32,2.46,,United Kingdom
540013,22507,MEMO BOARD RETROSPOT  DESIGN,2,1/4/11 11:30,4.95,16255,United Kingdom
579508,22755,SMALL PURPLE BABUSHKA NOTEBOOK ,1,11/29/11 16:33,1.63,,United Kingdom
543652,21242,RED RETROSPOT PLATE ,8,2/11/11 10:15,1.69,15544,United Kingdom
540238,20699,MOUSEY LONG LEGS SOFT TOY,1,1/5/11 14:44,2.51,,United Kingdom
550182,22087,PAPER BUNTING WHITE LACE,40,4/14/11 17:44,2.55,18198,United Kingdom
550515,85049F,BABY BOOM RIBBONS ,1,4/18/11 17:29,1.25,14502,United Kingdom
555631,22473,TV DINNER TRAY VINTAGE PAISLEY,2,6/6/11 12:06,4.95,18118,United Kingdom
564065,22737,RIBBON REEL CHRISTMAS PRESENT ,10,8/22/11 15:05,1.65,15150,United Kingdom
562158,22649,STRAWBERRY FAIRY CAKE TEAPOT,1,8/3/11 11:45,4.95,15039,United Kingdom
560723,22631,CIRCUS PARADE LUNCH BOX ,2,7/20/11 13:53,1.95,16464,United Kingdom
578844,22112,CHOCOLATE HOT WATER BOTTLE,7,11/25/11 16:14,4.95,,United Kingdom
537434,22855,FINE WICKER HEART ,1,12/6/10 16:57,2.51,,United Kingdom
554117,23207,LUNCH BAG ALPHABET DESIGN,10,5/22/11 15:12,1.65,13758,United Kingdom
545568,20963,APPLE BATH SPONGE,1,3/3/11 16:22,2.46,,United Kingdom
580311,22959,WRAP CHRISTMAS VILLAGE,25,12/2/11 14:48,0.42,18245,United Kingdom
564857,22181,SNOWSTORM PHOTO FRAME FRIDGE MAGNET,1,8/31/11 9:23,1.63,,United Kingdom
580115,21878,PACK OF 6 SANDCASTLE FLAGS ASSORTED,1,12/1/11 16:22,1.63,,United Kingdom
568173,23546,WRAP PAISLEY PARK ,25,9/25/11 13:16,0.42,16187,United Kingdom
536643,20723,STRAWBERRY CHARLOTTE BAG,1,12/2/10 11:57,0.85,14390,United Kingdom
556083,22041,"RECORD FRAME 7"" SINGLE SIZE ",3,6/8/11 15:23,4.96,,United Kingdom
567506,84880,WHITE WIRE EGG HOLDER,12,9/20/11 14:37,6.65,13038,United Kingdom
565919,23551,PACK OF 12 PAISLEY PARK TISSUES ,1,9/7/11 16:48,0.83,,United Kingdom
556480,22792,FLUTED ANTIQUE CANDLE HOLDER,6,6/12/11 12:55,0.85,13617,United Kingdom
560232,22899,CHILDREN'S APRON DOLLY GIRL ,2,7/17/11 11:08,2.1,14810,United Kingdom
552655,23152,IVORY SWEETHEART WIRE LETTER RACK ,2,5/10/11 14:22,3.75,14587,United Kingdom
578233,23525,WALL ART BUFFALO BILL ,1,11/23/11 12:20,3.75,14049,United Kingdom
549291,37342,POLKADOT COFFEE CUP & SAUCER PINK,4,4/7/11 19:05,0.79,16261,United Kingdom
575875,23602,SET 10 CARDS 3 WISE MEN 17107,1,11/11/11 13:06,2.91,,United Kingdom
562233,84818,DANISH ROSE PHOTO FRAME,3,8/3/11 14:54,0.79,14972,United Kingdom
579143,23489,VINTAGE BELLS GARLAND,6,11/28/11 13:08,2.89,13882,United Kingdom
565125,22723,SET OF 6 HERB TINS SKETCHBOOK,4,9/1/11 12:16,3.95,14217,United Kingdom
570116,22551,PLASTERS IN TIN SPACEBOY,3,10/7/11 12:38,1.65,12856,United Kingdom
568693,21061,PARTY INVITES FOOTBALL,1,9/28/11 14:54,0.85,,United Kingdom
C570486,22138,BAKING SET 9 PIECE RETROSPOT ,-6,10/10/11 17:11,4.95,14533,United Kingdom
538177,85061W,WHITE JEWELLED HEART DECORATION,1,12/10/10 9:51,1.66,,United Kingdom
580729,90165B,WHITE ROSEBUD  PEARL EARRINGS,1,12/5/11 17:24,2.48,,United Kingdom
551005,22195,LARGE HEART MEASURING SPOONS,2,4/26/11 9:48,3.29,,United Kingdom
548896,84879,ASSORTED COLOUR BIRD ORNAMENT,32,4/4/11 16:21,1.69,13767,United Kingdom
559362,23237,SET OF 4 KNICK KNACK TINS LEAVES ,6,7/8/11 8:43,4.15,12635,Germany
554098,21086,SET/6 RED SPOTTY PAPER CUPS,2,5/22/11 13:01,0.65,14769,United Kingdom
540545,22383,LUNCH BAG SUKI  DESIGN ,1,1/9/11 15:35,1.65,13451,United Kingdom
547209,22089,PAPER BUNTING VINTAGE PAISLEY,12,3/21/11 14:44,2.95,13081,United Kingdom
546091,84970S,HANGING HEART ZINC T-LIGHT HOLDER,24,3/9/11 11:53,0.85,14936,Channel Islands
544673,21535,RED RETROSPOT SMALL MILK JUG,4,2/22/11 15:46,2.55,13421,United Kingdom
556473,23148,MINIATURE ANTIQUE ROSE HOOK IVORY,1,6/12/11 12:00,0.83,17265,United Kingdom
566602,23156,SET OF 5 MINI GROCERY MAGNETS,1,9/13/11 16:05,4.13,,United Kingdom
536592,22665,RECIPE BOX BLUE SKETCHBOOK DESIGN,1,12/1/10 17:06,5.91,,United Kingdom
552831,23068,ALUMINIUM STAMPED HEART,8,5/11/11 14:12,2.49,13052,United Kingdom
558682,22488,NATURAL SLATE RECTANGLE CHALKBOARD,1,7/1/11 11:20,3.29,,United Kingdom
542401,20985,HEART CALCULATOR,1,1/27/11 15:51,1.25,14541,United Kingdom
536637,22917,HERB MARKER ROSEMARY,1,12/2/10 11:35,0.65,18041,United Kingdom
559796,22666,RECIPE BOX PANTRY YELLOW DESIGN,6,7/12/11 13:30,6.63,,United Kingdom
563674,20763,DAISY SKETCHBOOK ,4,8/18/11 11:59,3.75,14132,United Kingdom
552182,22072,RED RETROSPOT TEA CUP AND SAUCER ,8,5/6/11 13:38,3.75,14180,United Kingdom
571486,21523,DOORMAT FANCY FONT HOME SWEET HOME,2,10/17/11 14:59,8.25,17612,United Kingdom
567972,20727,LUNCH BAG  BLACK SKULL.,10,9/23/11 10:14,1.65,13949,United Kingdom
541843,85212,MINI PAINTED GARDEN DECORATION ,12,1/23/11 12:08,0.85,13659,United Kingdom
572121,84692,BOX OF 24 COCKTAIL PARASOLS,25,10/20/11 19:51,0.42,17092,United Kingdom
576075,21156,RETROSPOT CHILDRENS APRON,4,11/13/11 16:16,1.95,15861,United Kingdom
580153,22210,WOOD STAMP SET BEST WISHES,12,12/2/11 10:23,0.83,12762,Portugal
540993,21039,RED RETROSPOT SHOPPING BAG,6,1/13/11 9:23,2.55,13284,United Kingdom
536592,47599A,PINK PARTY BAGS,1,12/1/10 17:06,4.21,,United Kingdom
572893,35471D,SET OF 3 BIRD LIGHT PINK FEATHER ,24,10/26/11 14:36,0.39,18059,United Kingdom
538354,48138,DOORMAT UNION FLAG,6,12/10/10 15:45,7.95,16873,United Kingdom
565930,21791,VINTAGE HEADS AND TAILS CARD GAME ,12,9/8/11 10:32,1.25,12685,France
537464,22570,FELTCRAFT CUSHION RABBIT,4,12/7/10 10:14,3.75,14907,United Kingdom
567958,21974,SET OF 36 PAISLEY FLOWER DOILIES,12,9/23/11 9:00,1.45,12619,Germany
566979,84375,SET OF 20 KIDS COOKIE CUTTERS,12,9/16/11 9:54,2.1,13141,United Kingdom
555158,23298,SPOTTY BUNTING,3,6/1/11 8:38,4.95,14842,United Kingdom
563377,23374,RED SPOT PAPER GIFT BAG,24,8/16/11 10:44,0.82,15002,United Kingdom
577121,23084,RABBIT NIGHT LIGHT,96,11/17/11 18:29,1.79,12681,France
537638,20675,BLUE POLKADOT BOWL,1,12/7/10 15:28,2.51,,United Kingdom
570102,20969,RED FLORAL FELTCRAFT SHOULDER BAG,8,10/7/11 12:17,3.75,16455,United Kingdom
562537,21242,RED RETROSPOT PLATE ,8,8/5/11 15:02,1.69,12517,Germany
580677,22696,WICKER WREATH LARGE,2,12/5/11 14:40,1.95,16200,United Kingdom
539246,21657,MILK BOTTLE WITH GLASS STOPPER ,1,12/16/10 13:33,6.95,14606,United Kingdom
561583,22452,MEASURING TAPE BABUSHKA PINK,12,7/28/11 10:33,2.95,13813,Germany
567454,22384,LUNCH BAG PINK POLKADOT,10,9/20/11 12:12,1.65,15839,United Kingdom
554561,23171,REGENCY TEA PLATE GREEN ,12,5/25/11 10:35,1.65,13317,United Kingdom
538177,22727,ALARM CLOCK BAKELIKE RED ,2,12/10/10 9:51,7.62,,United Kingdom
C554266,23126,FELTCRAFT GIRL AMELIE KIT,-1,5/23/11 12:48,4.95,12474,Germany
559338,22683,FRENCH BLUE METAL DOOR SIGN 8,2,7/7/11 16:30,2.46,,United Kingdom
569545,84992,72 SWEETHEART FAIRY CAKE CASES,2,10/4/11 16:37,1.25,,United Kingdom
537136,84952B,BLACK LOVE BIRD T-LIGHT HOLDER,2,12/5/10 12:42,3.75,12748,United Kingdom
547810,22466,FAIRY TALE COTTAGE NIGHTLIGHT,1,3/25/11 14:00,1.95,,United Kingdom
561106,22748,POPPY'S PLAYHOUSE KITCHEN,6,7/25/11 11:37,2.1,14246,United Kingdom
567656,22738,RIBBON REEL SNOWY VILLAGE,4,9/21/11 14:40,3.29,14096,United Kingdom
575660,22361,GLASS JAR DAISY FRESH COTTON WOOL,6,11/10/11 14:38,2.95,15297,United Kingdom
539738,22278,OVERNIGHT BAG VINTAGE ROSE PAISLEY,2,12/21/10 15:19,11.02,,United Kingdom
574287,21810,CHRISTMAS HANGING STAR WITH BELL,1,11/3/11 15:09,0.39,14723,United Kingdom
572757,23558,LANDMARK FRAME LONDON BRIDGE ,1,10/25/11 18:05,12.5,,United Kingdom
567912,23366,SET 12 COLOURING PENCILS DOILY,3,9/22/11 17:07,0.65,15555,United Kingdom
553546,22549,PICTURE DOMINOES,144,5/17/11 15:42,1.25,12415,Australia
555406,21174,POTTERING IN THE SHED METAL SIGN,2,6/2/11 19:50,2.08,17231,United Kingdom
547253,20967,GREY FLORAL FELTCRAFT SHOULDER BAG,2,3/22/11 10:44,3.75,13869,United Kingdom
566213,23345, DOLLY GIRL BEAKER,12,9/9/11 15:09,1.25,14895,United Kingdom
563533,85032B,BLOSSOM IMAGES GIFT WRAP SET,1,8/17/11 11:14,0.65,16241,United Kingdom
544089,22446,PIN CUSHION BABUSHKA PINK,1,2/15/11 17:51,6.63,,United Kingdom
538566,21731,RED TOADSTOOL LED NIGHT LIGHT,1,12/13/10 11:21,3.36,,United Kingdom
537237,22190,LOCAL CAFE MUG,1,12/6/10 9:58,2.51,,United Kingdom
559794,23198,PANTRY MAGNETIC  SHOPPING LIST,12,7/12/11 13:16,1.45,16700,United Kingdom
552695,22621,TRADITIONAL KNITTING NANCY,12,5/10/11 15:31,1.65,16320,Unspecified
557064,21932,SCANDINAVIAN PAISLEY PICNIC BAG,5,6/16/11 15:07,1.65,13263,United Kingdom
548194,79000,MOROCCAN TEA GLASS,3,3/29/11 15:30,1.65,,United Kingdom
573822,23553,LANDMARK FRAME CAMDEN TOWN ,3,11/1/11 11:33,12.5,15527,United Kingdom
560861,21819,GLITTER CHRISTMAS STAR ,3,7/21/11 13:37,0.85,17660,United Kingdom
544749,22554,PLASTERS IN TIN WOODLAND ANIMALS,1,2/23/11 10:57,1.65,15373,United Kingdom
546322,23007, SPACEBOY BABY GIFT SET,2,3/11/11 9:42,16.95,14114,United Kingdom
541859,21781,MA CAMPAGNE CUTLERY BOX,1,1/23/11 15:34,14.95,14606,United Kingdom
548336,22729,ALARM CLOCK BAKELIKE ORANGE,4,3/30/11 14:06,3.75,13082,United Kingdom
575843,23241,TREASURE TIN GYMKHANA DESIGN,1,11/11/11 12:02,2.08,14446,United Kingdom
574877,85034C,3 ROSE MORRIS BOXED CANDLES,24,11/7/11 13:17,1.25,16637,United Kingdom
564840,22449,SILK PURSE BABUSHKA PINK,2,8/30/11 12:49,2.46,,United Kingdom
557315,48185,DOORMAT FAIRY CAKE,1,6/19/11 16:02,7.95,15535,United Kingdom
560895,21498,RED RETROSPOT WRAP ,25,7/21/11 17:12,0.42,13089,United Kingdom
577615,23100,SILVER BELLS TABLE DECORATION,12,11/21/11 10:22,1.25,12658,Germany
569000,22077,6 RIBBONS RUSTIC CHARM,12,9/29/11 17:36,1.65,17015,United Kingdom
560926,20997,ROSE DU SUD CUSHION COVER ,3,7/22/11 9:20,4.13,,United Kingdom
545333,37495,FAIRY CAKE BIRTHDAY CANDLE SET,1,3/1/11 16:22,7.46,,United Kingdom
548872,22619,SET OF 6 SOLDIER SKITTLES,4,4/4/11 14:42,3.75,13015,United Kingdom
546422,20754,RETROSPOT RED WASHING UP GLOVES,1,3/13/11 11:38,2.1,15547,United Kingdom
553542,22697,GREEN REGENCY TEACUP AND SAUCER,4,5/17/11 15:34,5.79,,United Kingdom
541421,20972,PINK CREAM FELT CRAFT TRINKET BOX ,1,1/17/11 17:44,2.46,,United Kingdom
562839,22616,PACK OF 12 LONDON TISSUES ,12,8/9/11 16:17,0.29,14056,United Kingdom
547655,85123A,WHITE HANGING HEART T-LIGHT HOLDER,6,3/24/11 12:52,2.95,14267,United Kingdom
537395,22911,PAPER CHAIN KIT LONDON,1,12/6/10 14:05,2.95,15356,United Kingdom
575034,21559,STRAWBERRY LUNCH BOX WITH CUTLERY,2,11/8/11 11:38,2.55,15573,United Kingdom
566194,23356,LOVE HOT WATER BOTTLE,1,9/9/11 13:42,5.95,14711,United Kingdom
569401,21479,WHITE SKULL HOT WATER BOTTLE ,4,10/4/11 8:56,4.25,15111,United Kingdom
538349,22582,PACK OF 6 SWEETIE GIFT BOXES,1,12/10/10 14:59,5.06,,United Kingdom
544333,22411,JUMBO SHOPPER VINTAGE RED PAISLEY,4,2/17/11 17:39,4.12,,United Kingdom
563764,22156,HEART DECORATION WITH PEARLS ,1,8/19/11 11:15,0.85,14606,United Kingdom
578041,21918,SET 12 KIDS COLOUR  CHALK STICKS,6,11/22/11 14:23,0.42,17338,United Kingdom
576876,21683,MEDIUM MEDINA STAMPED METAL BOWL ,4,11/16/11 16:42,2.95,16804,United Kingdom
559163,20986,BLUE CALCULATOR RULER,1,7/6/11 16:33,0.83,,United Kingdom
569901,16237,SLEEPING CAT ERASERS,2,10/6/11 16:20,0.21,12923,United Kingdom
581006,22922,FRIDGE MAGNETS US DINER ASSORTED,12,12/7/11 8:45,0.85,14911,EIRE
541855,22196,SMALL HEART MEASURING SPOONS,1,1/23/11 14:59,0.85,13742,United Kingdom
578806,23404,HOME SWEET HOME BLACKBOARD,6,11/25/11 13:09,4.95,13149,United Kingdom
540557,22523,CHILDS GARDEN FORK PINK,96,1/10/11 9:58,0.85,12415,Australia
566269,85185B,PINK HORSE SOCK PUPPET,1,9/11/11 13:39,2.95,17864,United Kingdom
539327,21481,FAWN BLUE HOT WATER BOTTLE,6,12/17/10 9:24,2.95,12600,Germany
545215,22750,FELTCRAFT PRINCESS LOLA DOLL,1,2/28/11 16:47,7.46,,United Kingdom
560300,21058,PARTY INVITES WOODLAND,12,7/18/11 10:29,0.85,14911,EIRE
566589,84030E,ENGLISH ROSE HOT WATER BOTTLE,4,9/13/11 14:50,4.25,14753,United Kingdom
571049,23438, RED SPOT GIFT BAG LARGE,12,10/13/11 13:43,1.25,16670,United Kingdom
572061,22551,PLASTERS IN TIN SPACEBOY,12,10/20/11 12:53,1.65,12474,Germany
554088,23232,WRAP VINTAGE PETALS  DESIGN,25,5/22/11 12:12,0.42,16801,United Kingdom
569220,22386,JUMBO BAG PINK POLKADOT,1,10/2/11 13:26,2.08,16007,United Kingdom
573008,22960,JAM MAKING SET WITH JARS,4,10/27/11 12:26,3.75,12901,United Kingdom
574950,22260,FELT EGG COSY BLUE RABBIT ,1,11/8/11 9:29,1.63,,United Kingdom
576076,20996,JAZZ HEARTS ADDRESS BOOK,2,11/13/11 16:18,0.19,14382,United Kingdom
574240,23284,DOORMAT KEEP CALM AND COME IN,2,11/3/11 12:45,8.25,15998,United Kingdom
581149,21446,12 RED ROSE PEG PLACE SETTINGS,2,12/7/11 14:12,1.25,15471,United Kingdom
577022,23210,WHITE ROCKING HORSE HAND PAINTED,6,11/17/11 12:42,1.25,13668,United Kingdom
555876,47566,PARTY BUNTING,8,6/7/11 15:28,4.95,15799,United Kingdom
580610,22090,PAPER BUNTING RETROSPOT,2,12/5/11 11:48,6.63,,United Kingdom
536420,22113,GREY HEART HOT WATER BOTTLE,4,12/1/10 12:03,3.75,16583,United Kingdom
574704,23313,VINTAGE CHRISTMAS BUNTING,7,11/6/11 14:02,4.95,15696,United Kingdom
579002,22352,LUNCH BOX WITH CUTLERY RETROSPOT ,1,11/27/11 16:27,2.55,14093,United Kingdom
562688,23298,SPOTTY BUNTING,4,8/8/11 13:53,4.95,13869,United Kingdom
565197,21110,LARGE CAKE TOWEL PINK SPOTS,2,9/1/11 16:16,6.75,13376,United Kingdom
565841,23238,SET OF 4 KNICK KNACK TINS LONDON ,1,9/7/11 12:04,8.29,,United Kingdom
578067,84946,ANTIQUE SILVER T-LIGHT GLASS,3,11/22/11 15:43,2.46,,United Kingdom
548710,22718,CARD CAT AND TREE ,24,4/3/11 13:24,0.42,16678,United Kingdom
567818,22633,HAND WARMER UNION JACK,3,9/22/11 12:41,2.1,14395,United Kingdom
C558254,22784,LANTERN CREAM GAZEBO ,-1,6/27/11 17:05,4.95,16670,United Kingdom
580054,23321,SMALL WHITE HEART OF WICKER,1,12/1/11 13:08,1.65,18122,United Kingdom
549577,22568,FELTCRAFT CUSHION OWL,4,4/11/11 8:16,3.75,14286,United Kingdom
574657,23203,JUMBO BAG VINTAGE DOILY ,4,11/6/11 11:43,2.08,13772,United Kingdom
539455,20970,PINK FLORAL FELTCRAFT SHOULDER BAG,1,12/17/10 17:17,3.75,12748,United Kingdom
569845,23395,BELLE JARDINIERE CUSHION COVER,4,10/6/11 13:41,3.75,14819,United Kingdom
556685,22791,T-LIGHT GLASS FLUTED ANTIQUE,12,6/14/11 10:00,1.25,14503,United Kingdom
562217,22079,RIBBON REEL HEARTS DESIGN ,10,8/3/11 14:06,1.65,17659,United Kingdom
543309,84763,ZINC FINISH 15CM PLANTER POTS,1,2/7/11 12:05,1.25,18118,United Kingdom
554637,21935,SUKI  SHOULDER BAG,20,5/25/11 11:58,1.65,14688,United Kingdom
545340,22854,CREAM SWEETHEART EGG HOLDER,4,3/2/11 8:41,4.95,15416,United Kingdom
541269,20705,MRS ROBOT SOFT TOY,8,1/17/11 11:01,1.95,12626,Germany
539595,22867,HAND WARMER BIRD DESIGN,1,12/20/10 13:43,4.21,,United Kingdom
553702,22916,HERB MARKER THYME,4,5/18/11 14:50,0.65,13263,United Kingdom
562046,23298,SPOTTY BUNTING,6,8/2/11 10:34,4.95,12378,Switzerland
567822,21877,HOME SWEET HOME MUG,12,9/22/11 12:54,1.65,17644,United Kingdom
558812,21868,POTTING SHED TEA MUG,12,7/4/11 11:35,1.25,16265,United Kingdom
536749,22379,RECYCLING BAG RETROSPOT ,1,12/2/10 13:49,2.1,17976,United Kingdom
563026,22488,NATURAL SLATE RECTANGLE CHALKBOARD,48,8/11/11 14:04,1.45,15747,United Kingdom
560125,84970S,HANGING HEART ZINC T-LIGHT HOLDER,1,7/15/11 10:44,0.85,18118,United Kingdom
554131,21340,CLASSIC METAL BIRDCAGE PLANT HOLDER,1,5/23/11 9:43,12.75,13988,United Kingdom
567191,23390,DOLLY GIRL MINI BACKPACK,4,9/19/11 9:15,4.15,12562,France
578510,23194,GYMKHANA TREASURE BOOK BOX,1,11/24/11 13:25,2.25,14056,United Kingdom
563194,82486,WOOD S/3 CABINET ANT WHITE FINISH,4,8/12/11 16:36,8.95,17858,United Kingdom
560433,22715,CARD WEDDING DAY,1,7/18/11 15:49,0.83,,United Kingdom
557287,22178,VICTORIAN GLASS HANGING T-LIGHT,24,6/19/11 12:47,1.25,18109,United Kingdom
570501,85066,CREAM SWEETHEART MINI CHEST,2,10/11/11 9:23,12.75,14857,United Kingdom
545344,21135,VICTORIAN  METAL POSTCARD SPRING,8,3/2/11 9:24,1.69,16678,United Kingdom
577297,22111,SCOTTIE DOG HOT WATER BOTTLE,3,11/18/11 12:48,4.95,14593,United Kingdom
570887,85049A,TRADITIONAL CHRISTMAS RIBBONS,12,10/13/11 10:25,1.25,17169,United Kingdom
573918,22946,WOODEN ADVENT CALENDAR CREAM,1,11/1/11 17:20,16.95,17576,United Kingdom
561666,22502,,30,7/28/11 16:59,0,,United Kingdom
537237,21851,LILAC DIAMANTE PEN IN GIFT BOX,1,12/6/10 9:58,4.21,,United Kingdom
538641,22189,CREAM HEART CARD HOLDER,36,12/13/10 14:36,3.39,15640,United Kingdom
551698,85144,JARDIN ETCHED GLASS CHEESE DISH,65,5/3/11 13:52,1.95,13694,United Kingdom
559138,84596B,SMALL DOLLY MIX DESIGN ORANGE BOWL,16,7/6/11 13:35,0.42,16919,United Kingdom
579430,22113,GREY HEART HOT WATER BOTTLE,2,11/29/11 13:06,4.25,12748,United Kingdom
539437,84659A,WHITE TRAVEL ALARM CLOCK,5,12/17/10 14:54,2.51,,United Kingdom
539718,DOT,DOTCOM POSTAGE,1,12/21/10 13:06,112.37,,United Kingdom
547722,22029,SPACEBOY BIRTHDAY CARD,12,3/25/11 10:19,0.42,12553,France
580558,22910,PAPER CHAIN KIT VINTAGE CHRISTMAS,6,12/5/11 10:19,2.95,14931,Channel Islands
555704,22532,MAGIC DRAWING SLATE LEAP FROG ,24,6/6/11 15:06,0.42,14944,United Kingdom
542629,22558,CLOTHES PEGS RETROSPOT PACK 24 ,48,1/31/11 9:57,1.25,12731,France
570861,37340,MULTICOLOUR SPRING FLOWER MUG,48,10/12/11 15:27,0.39,14775,United Kingdom
580115,23204,CHARLOTTE BAG APPLES DESIGN,3,12/1/11 16:22,1.63,,United Kingdom
567846,23031,DRAWER KNOB CRACKLE GLAZE PINK,6,9/22/11 13:13,1.65,13486,United Kingdom
578928,23318,BOX OF 6 MINI VINTAGE CRACKERS,5,11/27/11 12:29,2.49,15443,United Kingdom
580635,22742,MAKE YOUR OWN PLAYTIME CARD KIT,1,12/5/11 12:30,0.79,14649,United Kingdom
539957,21136,PAINTED METAL PEARS ASSORTED,16,12/23/10 12:58,1.69,12585,Germany
544660,22076,6 RIBBONS EMPIRE  ,12,2/22/11 13:47,1.65,15078,United Kingdom
578293,22972,CHILDREN'S SPACEBOY MUG,12,11/23/11 14:36,1.65,15640,United Kingdom
560434,21982,PACK OF 12 SUKI TISSUES ,1,7/18/11 15:56,0.83,,United Kingdom
537624,72799E,IVORY PILLAR CANDLE SILVER FLOCK,2,12/7/10 14:41,2.95,12748,United Kingdom
578787,21479,WHITE SKULL HOT WATER BOTTLE ,4,11/25/11 12:10,4.25,13589,United Kingdom
552234,85231B,CINAMMON SET OF 9 T-LIGHTS,1,5/6/11 16:01,1.63,,United Kingdom
581217,22903,CALENDAR FAMILY FAVOURITES,1,12/8/11 9:20,2.46,,United Kingdom
549304,22570,FELTCRAFT CUSHION RABBIT,4,4/8/11 8:39,3.75,16133,United Kingdom
546648,21424,WOODLAND STORAGE BOX LARGE ,5,3/15/11 14:15,6.63,,United Kingdom
573553,75049L,LARGE CIRCULAR MIRROR MOBILE,4,10/31/11 13:48,2.46,,United Kingdom
554079,23092,LARGE ANTIQUE WHITE PHOTO FRAME,1,5/22/11 11:41,7.9,14546,United Kingdom
539325,22922,FRIDGE MAGNETS US DINER ASSORTED,12,12/17/10 8:20,0.85,13004,United Kingdom
555350,23299,FOOD COVER WITH BEADS SET 2 ,6,6/2/11 12:08,3.75,17652,United Kingdom
566408,21061,PARTY INVITES FOOTBALL,3,9/12/11 13:43,0.85,16984,United Kingdom
548984,21430,SET/3 RED GINGHAM ROSE STORAGE BOX,2,4/5/11 12:37,3.75,14546,United Kingdom
544571,79000,MOROCCAN TEA GLASS,12,2/21/11 13:07,0.85,15146,United Kingdom
545464,22333,RETROSPOT PARTY BAG + STICKER SET,1,3/3/11 9:10,3.29,,United Kingdom
578067,85054,FRENCH ENAMEL POT W LID,2,11/22/11 15:43,5.79,,United Kingdom
546525,22720,SET OF 3 CAKE TINS PANTRY DESIGN ,24,3/14/11 12:58,4.25,14733,United Kingdom
579777,84951A,SET OF 4 PISTACHIO LOVEBIRD COASTER,2,11/30/11 15:13,2.46,,United Kingdom
579777,21993,FLORAL FOLK STATIONERY SET,2,11/30/11 15:13,2.46,,United Kingdom
541865,85099C,JUMBO  BAG BAROQUE BLACK WHITE,100,1/24/11 8:20,1.65,13068,United Kingdom
541424,85118,HEART T-LIGHT HOLDER,1,1/17/11 17:57,1.25,,United Kingdom
559256,20974,12 PENCILS SMALL TUBE SKULL,24,7/7/11 12:10,0.65,15249,United Kingdom
576617,21481,FAWN BLUE HOT WATER BOTTLE,2,11/15/11 16:57,7.46,,United Kingdom
562649,18098C,PORCELAIN BUTTERFLY OIL BURNER,4,8/8/11 13:11,2.95,14606,United Kingdom
572218,23209,LUNCH BAG DOILEY PATTERN ,10,10/21/11 13:13,1.65,16311,United Kingdom
574831,23182,TOILET SIGN OCCUPIED OR VACANT,48,11/7/11 11:26,0.83,15522,United Kingdom
574287,22155,STAR DECORATION RUSTIC,1,11/3/11 15:09,0.42,14723,United Kingdom
550000,22499,WOODEN UNION JACK BUNTING,3,4/14/11 9:18,5.95,17058,United Kingdom
552642,23172,REGENCY TEA PLATE PINK,12,5/10/11 13:22,1.65,14288,United Kingdom
537219,21843,RED RETROSPOT CAKE STAND,2,12/5/10 15:47,10.95,14081,United Kingdom
572752,23396,LE JARDIN BOTANIQUE CUSHION COVER,4,10/25/11 17:22,3.75,17449,United Kingdom
557500,21137,BLACK RECORD COVER FRAME,2,6/20/11 15:27,7.46,,United Kingdom
C565848,47566,PARTY BUNTING,-1,9/7/11 12:48,4.95,14606,United Kingdom
565851,22035,VINTAGE CARAVAN GREETING CARD ,12,9/7/11 13:06,0.42,14911,EIRE
560989,22907,PACK OF 20 NAPKINS PANTRY DESIGN,8,7/22/11 13:20,0.85,15704,United Kingdom
573548,23426,METAL SIGN DROP YOUR PANTS,2,10/31/11 13:22,2.89,13680,United Kingdom
547662,21774,DECORATIVE CATS BATHROOM BOTTLE,2,3/24/11 13:12,1.25,14085,United Kingdom
580115,21232,STRAWBERRY CERAMIC TRINKET POT,3,12/1/11 16:22,2.46,,United Kingdom
564436,23245,SET OF 3 REGENCY CAKE TINS,1,8/25/11 12:06,4.95,17841,United Kingdom
577485,23370,SET 36 COLOURING PENCILS DOILY,1,11/20/11 11:56,1.25,16360,United Kingdom
554441,20772,GARDEN PATH JOURNAL,6,5/24/11 12:22,2.55,13213,United Kingdom
550137,21041,RED RETROSPOT OVEN GLOVE DOUBLE,6,4/14/11 13:59,2.95,12477,Germany
572215,22962,JAM JAR WITH PINK LID,24,10/21/11 12:52,0.85,12646,USA
556468,23302,KNEELING MAT HOUSEWORK  DESIGN,2,6/12/11 11:26,1.65,14878,United Kingdom
554552,37342,POLKADOT COFFEE CUP & SAUCER PINK,96,5/25/11 9:58,0.79,13694,United Kingdom
546190,23051,RECYCLED ACAPULCO MAT BLUE,2,3/10/11 10:57,8.25,13102,United Kingdom
576078,35964,FOLKART CLIP ON STARS,2,11/13/11 16:22,0.39,14432,United Kingdom
555282,22354,RETROSPOT PADDED SEAT CUSHION,10,6/2/11 9:04,3.75,12709,Germany
550631,21902,"KEY FOB , FRONT  DOOR ",24,4/19/11 14:51,0.65,15225,United Kingdom
564200,22139,RETROSPOT TEA SET CERAMIC 11 PC ,1,8/23/11 17:37,4.95,18018,United Kingdom
554917,22138,BAKING SET 9 PIECE RETROSPOT ,3,5/27/11 12:29,4.95,15104,United Kingdom
555866,22210,WOOD STAMP SET BEST WISHES,12,6/7/11 14:38,0.83,16841,United Kingdom
541871,20974,12 PENCILS SMALL TUBE SKULL,2,1/24/11 9:41,1.25,,United Kingdom
551533,20674,GREEN POLKADOT BOWL,2,5/1/11 14:58,1.25,15407,United Kingdom
548715,84251C,"GREETING CARD, TWO SISTERS.",12,4/3/11 15:22,0.19,17758,United Kingdom
554089,21756,BATH BUILDING BLOCK WORD,1,5/22/11 12:16,5.95,13527,United Kingdom
563192,23243,SET OF TEA COFFEE SUGAR TINS PANTRY,24,8/12/11 16:10,4.15,16745,United Kingdom
555499,22709,WRAP WEDDING DAY,25,6/3/11 15:31,0.42,15812,United Kingdom
552468,21915,RED  HARMONICA IN BOX ,12,5/9/11 15:33,1.25,13141,United Kingdom
550474,22681,FRENCH BLUE METAL DOOR SIGN 6,2,4/18/11 13:58,2.46,,United Kingdom
572834,23146,TRIPLE HOOK ANTIQUE IVORY ROSE,1,10/26/11 11:46,3.29,12748,United Kingdom
571247,23118,PARISIENNE JEWELLERY DRAWER ,2,10/14/11 16:04,7.5,15826,United Kingdom
579427,21034,REX CASH+CARRY JUMBO SHOPPER,1,11/29/11 13:04,0.95,16479,United Kingdom
546782,21232,STRAWBERRY CERAMIC TRINKET BOX,12,3/17/11 9:13,1.25,15291,United Kingdom
537163,22659,LUNCH BOX I LOVE LONDON,12,12/5/10 13:21,1.95,17863,United Kingdom
539958,22444,GROW YOUR OWN PLANT IN A CAN ,3,12/23/10 13:26,2.51,,United Kingdom
555195,21843,RED RETROSPOT CAKE STAND,1,6/1/11 11:27,10.95,15240,United Kingdom
549449,22087,PAPER BUNTING WHITE LACE,24,4/8/11 14:12,2.95,14227,United Kingdom
536460,84992,72 SWEETHEART FAIRY CAKE CASES,24,12/1/10 12:22,0.55,14849,United Kingdom
549023,84951A,SET OF 4 PISTACHIO LOVEBIRD COASTER,1,4/5/11 16:27,2.46,,United Kingdom
537871,22440,BALLOON WATER BOMB PACK OF 35,10,12/8/10 17:20,0.42,12748,United Kingdom
570225,21163,DO NOT TOUCH MY STUFF DOOR HANGER ,2,10/9/11 13:15,0.39,16595,United Kingdom
574032,22577,WOODEN HEART CHRISTMAS SCANDINAVIAN,34,11/2/11 12:37,0.29,17754,United Kingdom
579270,22141,CHRISTMAS CRAFT TREE TOP ANGEL,6,11/29/11 9:50,2.1,15783,United Kingdom
557468,22384,LUNCH BAG PINK POLKADOT,3,6/20/11 13:14,1.65,16713,United Kingdom
C561649,84077,WORLD WAR 2 GLIDERS ASSTD DESIGNS,-48,7/28/11 15:27,0.29,15746,United Kingdom
554028,22423,REGENCY CAKESTAND 3 TIER,8,5/20/11 13:43,12.75,15410,United Kingdom
551334,22698,PINK REGENCY TEACUP AND SAUCER,1,4/27/11 16:39,2.95,17991,United Kingdom
539453,21908,CHOCOLATE THIS WAY METAL SIGN,4,12/17/10 17:08,4.21,,United Kingdom
569544,23176,ABC TREASURE BOOK BOX ,1,10/4/11 16:33,4.58,,United Kingdom
581492,84249A,"GREETING CARD,SQUARE, DOUGHNUTS",1,12/9/11 10:03,0.83,,United Kingdom
573094,22193,RED DINER WALL CLOCK,1,10/27/11 14:39,8.5,15707,United Kingdom
579301,84519B,CARROT CHARLIE+LOLA COASTER SET,2,11/29/11 11:32,1.25,18118,United Kingdom
550331,37370,RETRO COFFEE MUGS ASSORTED,6,4/17/11 13:43,1.25,15555,United Kingdom
C550646,22457,NATURAL SLATE HEART CHALKBOARD ,-1,4/19/11 16:32,2.95,16873,United Kingdom
559529,23076,ICE CREAM SUNDAE LIP GLOSS,48,7/10/11 12:03,1.25,14808,United Kingdom
552286,20718,RED RETROSPOT SHOPPER BAG,2,5/8/11 13:07,1.25,16393,United Kingdom
576399,22733,3D TRADITIONAL CHRISTMAS STICKERS,18,11/15/11 10:50,1.25,12684,France
565378,79321,CHILLI LIGHTS,1,9/2/11 15:16,12.46,,United Kingdom
552817,22968,ROSE COTTAGE KEEPSAKE BOX ,2,5/11/11 12:47,9.95,13136,United Kingdom
570076,21080,SET/20 RED RETROSPOT PAPER NAPKINS ,24,10/7/11 11:17,0.85,15738,United Kingdom
578850,22910,PAPER CHAIN KIT VINTAGE CHRISTMAS,2,11/27/11 10:47,2.95,13571,United Kingdom
540372,22935,BAKING MOULD ROSE MILK CHOCOLATE,6,1/6/11 16:41,3.25,13081,United Kingdom
C557387,M,Manual,-1,6/20/11 11:02,1917,,EIRE
553415,21494,ROTATING LEAVES T-LIGHT HOLDER,12,5/17/11 10:02,1.25,12463,Belgium
566018,22726,ALARM CLOCK BAKELIKE GREEN,2,9/8/11 12:42,3.75,13137,United Kingdom
566195,22847,BREAD BIN DINER STYLE IVORY,4,9/9/11 13:44,14.95,12433,Norway
545660,21911,GARDEN METAL SIGN ,2,3/4/11 14:28,1.65,17191,United Kingdom
553189,22156,HEART DECORATION WITH PEARLS ,5,5/15/11 13:14,0.85,15033,United Kingdom
577689,23376,PACK OF 12 VINTAGE CHRISTMAS TISSUE,24,11/21/11 11:29,0.39,17664,United Kingdom
569406,22142,CHRISTMAS CRAFT WHITE FAIRY ,36,10/4/11 9:09,1.45,16253,United Kingdom
C546859,M,Manual,-102,3/17/11 14:39,5.45,17603,United Kingdom
566674,22940,FELTCRAFT CHRISTMAS FAIRY,4,9/14/11 11:41,4.25,15105,United Kingdom
579443,23503,PLAYING CARDS KEEP CALM & CARRY ON,3,11/29/11 13:40,1.25,16479,United Kingdom
560906,23164,REGENCY CAKE SLICE,4,7/21/11 17:55,4.95,15827,United Kingdom
577537,22599,CHRISTMAS MUSICAL ZINC STAR,72,11/20/11 14:17,0.29,14860,United Kingdom
579491,23067,HANGING ENGRAVED METAL HEART,4,11/29/11 15:23,4.15,14723,United Kingdom
544909,22610,PENS ASSORTED FUNNY FACE,144,2/24/11 14:32,0.21,14298,United Kingdom
545344,22567,20 DOLLY PEGS RETROSPOT,12,3/2/11 9:24,1.25,16678,United Kingdom
548711,84596J,MIXED NUTS LIGHT GREEN BOWL,1,4/3/11 14:24,0.42,18116,United Kingdom
537034,22314,OFFICE MUG WARMER CHOC+BLUE,6,12/3/10 17:20,2.95,13081,United Kingdom
554981,22383,LUNCH BAG SUKI DESIGN ,1,5/29/11 12:06,1.65,17613,United Kingdom
579027,21671,RED SPOT CERAMIC DRAWER KNOB,12,11/28/11 10:20,1.45,14102,United Kingdom
566985,22692,DOORMAT WELCOME TO OUR HOME,1,9/16/11 10:42,16.63,,United Kingdom
572185,22112,CHOCOLATE HOT WATER BOTTLE,7,10/21/11 10:52,12.46,,United Kingdom
574035,85231B,CINAMMON SET OF 9 T-LIGHTS,1,11/2/11 12:45,0.85,14606,United Kingdom
549100,21213,PACK OF 72 SKULL CAKE CASES,7,4/6/11 11:14,2.08,,United Kingdom
574074,22663,JUMBO BAG DOLLY GIRL DESIGN,1,11/2/11 15:33,4.13,,United Kingdom
538811,20681,PINK POLKADOT CHILDRENS UMBRELLA,6,12/14/10 12:22,3.25,13178,United Kingdom
551889,22920,HERB MARKER BASIL,12,5/5/11 9:34,0.65,18198,United Kingdom
539294,21743,STAR PORTABLE TABLE LIGHT ,4,12/16/10 16:45,2.95,15532,United Kingdom
546275,82494L,WOODEN FRAME ANTIQUE WHITE ,6,3/10/11 15:06,2.95,13126,United Kingdom
580979,22328,ROUND SNACK BOXES SET OF 4 FRUITS ,6,12/6/11 15:40,2.95,12362,Belgium
573370,21523,DOORMAT FANCY FONT HOME SWEET HOME,2,10/30/11 13:30,8.25,16626,United Kingdom
541422,21801,CHRISTMAS TREE DECORATION WITH BELL,5,1/17/11 17:48,0.42,,United Kingdom
562922,22466,FAIRY TALE COTTAGE NIGHTLIGHT,24,8/10/11 14:26,1.95,12594,Italy
573362,21670,BLUE SPOT CERAMIC DRAWER KNOB,12,10/30/11 13:06,1.45,12597,Spain
572887,22174,PHOTO CUBE,12,10/26/11 13:47,1.65,12362,Belgium
577869,22023,EMPIRE BIRTHDAY CARD,12,11/22/11 11:34,0.42,13268,United Kingdom
556017,22417,PACK OF 60 SPACEBOY CAKE CASES,24,6/8/11 11:56,0.55,15382,United Kingdom
538208,20969,RED FLORAL FELTCRAFT SHOULDER BAG,1,12/10/10 11:39,3.75,14037,United Kingdom
550210,21930,JUMBO STORAGE BAG SKULLS,1,4/15/11 10:40,4.96,,United Kingdom
552563,22813,PACK 3 BOXES BIRD PANNETONE ,12,5/10/11 11:54,1.95,17597,United Kingdom
544815,22420,LIPSTICK PEN BABY PINK,12,2/23/11 16:37,0.42,17171,United Kingdom
569897,22216,T-LIGHT HOLDER WHITE LACE,3,10/6/11 16:01,0.85,17813,United Kingdom
571039,23306,SET OF 36 DOILIES PANTRY DESIGN,3,10/13/11 12:59,1.45,16121,United Kingdom
577768,22963,JAM JAR WITH GREEN LID,2,11/21/11 15:18,1.63,,United Kingdom
564962,22445,PENCIL CASE LIFE IS BEAUTIFUL,1,8/31/11 14:35,2.95,17777,United Kingdom
554492,21169,YOU'RE CONFUSING ME METAL SIGN ,4,5/24/11 13:56,1.69,13168,United Kingdom
542255,21832,CHOCOLATE CALCULATOR,1,1/26/11 16:43,3.29,,United Kingdom
547811,22128,PARTY CONES CANDY ASSORTED,6,3/25/11 14:01,1.25,17368,United Kingdom
568048,22197,POPCORN HOLDER,24,9/23/11 12:36,0.85,14911,EIRE
566231,84380,SET OF 3 BUTTERFLY COOKIE CUTTERS,12,9/11/11 10:58,1.45,14837,United Kingdom
570241,90019B,GOLD M.O.P ORBIT BRACELET,1,10/9/11 15:24,4.95,14801,United Kingdom
545587,82600,NO SINGING METAL SIGN,3,3/4/11 9:46,2.1,14796,United Kingdom
564049,22094,RED RETROSPOT TISSUE BOX,2,8/22/11 13:30,0.39,17585,United Kingdom
549047,21368,MIRRORED WALL ART LADIES,1,4/6/11 10:07,2.55,17783,United Kingdom
546304,22252,BIRDCAGE DECORATION TEALIGHT HOLDER,6,3/10/11 15:52,1.25,14077,United Kingdom
570126,22193,RED DINER WALL CLOCK,1,10/7/11 13:16,8.5,16910,United Kingdom
558682,23144,ZINC T-LIGHT HOLDER STARS SMALL,1,7/1/11 11:20,1.63,,United Kingdom
567183,22107,PIZZA PLATE IN BOX,2,9/18/11 15:32,3.75,14769,United Kingdom
547199,84692,BOX OF 24 COCKTAIL PARASOLS,1,3/21/11 12:53,0.42,14606,United Kingdom
558467,23196,RETRO LEAVES MAGNETIC NOTEPAD,2,6/29/11 15:22,1.45,17757,United Kingdom
546306,21215,IVORY PAPER CUP CAKE CASES ,6,3/10/11 16:16,1.25,,United Kingdom
562106,23263,SET OF 3 WOODEN HEART DECORATIONS,1,8/2/11 15:19,1.25,14076,United Kingdom
580736,47566,PARTY BUNTING,4,12/6/11 8:55,4.95,12716,France
575687,23126,FELTCRAFT GIRL AMELIE KIT,8,11/10/11 16:03,4.95,16126,United Kingdom
560145,21900,"KEY FOB , SHED",48,7/15/11 11:04,0.65,13381,United Kingdom
560925,48116,DOORMAT MULTICOLOUR STRIPE,10,7/22/11 9:02,6.75,15061,United Kingdom
550210,20711,JUMBO BAG TOYS ,1,4/15/11 10:40,4.13,,United Kingdom
575649,23335,EGG FRYING PAN IVORY ,2,11/10/11 14:23,2.08,,United Kingdom
578258,85049A,TRADITIONAL CHRISTMAS RIBBONS,3,11/23/11 13:01,1.25,13263,United Kingdom
573915,23493,VINTAGE DOILY TRAVEL SEWING KIT,2,11/1/11 15:55,1.95,15511,United Kingdom
573387,85036C,ROSE 1 WICK MORRIS BOXED CANDLE,1,10/30/11 14:33,1.25,15054,United Kingdom
566851,22138,BAKING SET 9 PIECE RETROSPOT ,1,9/15/11 12:16,4.95,15573,United Kingdom
577517,22910,PAPER CHAIN KIT VINTAGE CHRISTMAS,6,11/20/11 13:16,2.95,16710,United Kingdom
540848,21703,BAG 125g SWIRLY MARBLES,1,1/12/11 9:26,0.85,,United Kingdom
577813,22508,DOORSTOP RETROSPOT HEART,4,11/22/11 9:06,3.75,14297,United Kingdom
555320,22519,CHILDS GARDEN BRUSH PINK,1,6/2/11 11:00,4.13,,United Kingdom
537449,21054,,-30,12/7/10 9:26,0,,United Kingdom
564750,21871,SAVE THE PLANET MUG,12,8/30/11 9:36,1.25,17690,United Kingdom
560601,20724,RED RETROSPOT CHARLOTTE BAG,1,7/19/11 17:17,0.85,16764,United Kingdom
575477,22074,6 RIBBONS SHIMMERING PINKS ,2,11/9/11 16:14,1.25,,United Kingdom
543800,22250,DECORATION  BUTTERFLY  MAGIC GARDEN,2,2/13/11 11:36,0.85,17282,United Kingdom
555149,21377,SMALL CAMPHOR WOOD FIELD  MUSHROOM,1,5/31/11 15:49,3.29,,United Kingdom
560211,23206,LUNCH BAG APPLE DESIGN,10,7/15/11 14:34,1.65,12621,Germany
557617,22978,PANTRY ROLLING PIN,2,6/21/11 13:37,3.75,14543,United Kingdom
552825,22488,NATURAL SLATE RECTANGLE CHALKBOARD,12,5/11/11 13:18,1.65,15296,United Kingdom
570680,20728,LUNCH BAG CARS BLUE,5,10/11/11 15:36,1.65,13969,United Kingdom
572897,21217,RED RETROSPOT ROUND CAKE TINS,3,10/26/11 14:42,20.79,,United Kingdom
553542,22698,PINK REGENCY TEACUP AND SAUCER,1,5/17/11 15:34,5.79,,United Kingdom
547967,22678,FRENCH BLUE METAL DOOR SIGN 3,2,3/28/11 15:49,2.46,,United Kingdom
550978,22088,PAPER BUNTING COLOURED LACE,6,4/21/11 17:31,2.95,13983,United Kingdom
542266,22912,YELLOW COAT RACK PARIS FASHION,2,1/26/11 17:37,4.95,16918,United Kingdom
549790,47566,PARTY BUNTING,4,4/12/11 12:02,4.95,16172,United Kingdom
555719,22328,ROUND SNACK BOXES SET OF 4 FRUITS ,6,6/6/11 15:31,2.95,12609,Germany
550986,85099B,JUMBO BAG RED RETROSPOT,2,4/21/11 18:06,4.13,,United Kingdom
575950,22065,CHRISTMAS PUDDING TRINKET POT ,4,11/13/11 11:53,0.39,16983,United Kingdom
574530,21879,HEARTS GIFT TAPE,1,11/4/11 14:07,0.65,16887,United Kingdom
577038,85159A,"BLACK TEA,COFFEE,SUGAR JARS",1,11/17/11 13:30,1.95,14796,United Kingdom
547822,22221,CAKE STAND LOVEBIRD 2 TIER PINK,2,3/25/11 14:53,9.95,12668,Germany
566847,20728,LUNCH BAG CARS BLUE,3,9/15/11 11:57,1.65,15005,United Kingdom
552978,21559,STRAWBERRY LUNCH BOX WITH CUTLERY,60,5/12/11 14:46,2.1,12590,Germany
556578,21670,BLUE SPOT CERAMIC DRAWER KNOB,12,6/13/11 14:13,1.25,12472,Germany
555150,23161,REGENCY CAKE FORK,6,5/31/11 15:53,2.46,,United Kingdom
575739,21257,VICTORIAN SEWING BOX MEDIUM,1,11/11/11 9:05,15.79,,United Kingdom
563613,22197,POPCORN HOLDER,24,8/18/11 8:49,0.85,12688,Israel
572866,20723,STRAWBERRY CHARLOTTE BAG,3,10/26/11 13:07,0.85,15005,United Kingdom
554836,22555,PLASTERS IN TIN STRONGMAN,12,5/26/11 16:25,1.65,13015,United Kingdom
555851,21874,GIN AND TONIC MUG,6,6/7/11 13:37,1.25,13050,United Kingdom
579885,21991,BOHEMIAN COLLAGE STATIONERY SET,4,11/30/11 17:37,1.25,15444,United Kingdom
577606,35953,FOLKART STAR CHRISTMAS DECORATIONS,48,11/21/11 9:11,0.39,12462,Spain
560090,20618,QUEEN OF THE SKIES PASSPORT COVER ,1,7/14/11 16:46,1.63,,United Kingdom
551342,22514,CHILDS GARDEN SPADE BLUE,6,4/28/11 8:34,2.1,16099,United Kingdom
576329,72598,SET/12 TAPER CANDLES,3,11/14/11 15:22,1.63,,United Kingdom
554098,22993,SET OF 4 PANTRY JELLY MOULDS,6,5/22/11 13:01,1.25,14769,United Kingdom
546653,20679,EDWARDIAN PARASOL RED,1,3/15/11 14:18,12.46,,United Kingdom
545550,21156,RETROSPOT CHILDRENS APRON,6,3/3/11 15:11,1.95,18041,United Kingdom
562276,22386,JUMBO BAG PINK POLKADOT,10,8/4/11 10:23,2.08,17735,United Kingdom
547850,22637,PIGGY BANK RETROSPOT ,4,3/27/11 12:06,2.55,14472,United Kingdom
538067,22429,ENAMEL MEASURING JUG CREAM,1,12/9/10 13:59,4.25,15288,United Kingdom
578088,84030E,ENGLISH ROSE HOT WATER BOTTLE,2,11/22/11 16:47,4.25,16376,United Kingdom
559310,20677,PINK POLKADOT BOWL,72,7/7/11 13:33,1.06,15505,United Kingdom
560300,90141E,ORANGE PENDANT TRIPLE SHELL NECKLAC,3,7/18/11 10:29,4.95,14911,EIRE
581439,21739,COSY SLIPPER SHOES SMALL GREEN,1,12/8/11 16:30,2.46,,United Kingdom
545523,20699,MOUSEY LONG LEGS SOFT TOY,1,3/3/11 12:41,2.55,14524,United Kingdom
559641,22294,HEART FILIGREE DOVE  SMALL,24,7/11/11 12:31,1.25,13184,United Kingdom
539248,22534,MAGIC DRAWING SLATE SPACEBOY ,24,12/16/10 13:33,0.42,17288,United Kingdom
554497,23155,KNICKERBOCKERGLORY MAGNET ASSORTED ,12,5/24/11 14:38,0.83,15819,United Kingdom
559038,21556,CERAMIC STRAWBERRY MONEY BOX,2,7/5/11 15:31,4.13,,United Kingdom
562102,21506,"FANCY FONT BIRTHDAY CARD, ",24,8/2/11 14:21,0.42,13089,United Kingdom
570275,23014,GLASS APOTHECARY BOTTLE ELIXIR,12,10/10/11 10:57,3.45,13098,United Kingdom
552642,22697,GREEN REGENCY TEACUP AND SAUCER,6,5/10/11 13:22,2.95,14288,United Kingdom
564342,22549,PICTURE DOMINOES,4,8/24/11 14:53,1.45,16340,United Kingdom
576927,35953,FOLKART STAR CHRISTMAS DECORATIONS,48,11/17/11 11:02,0.39,12567,France
546986,21930,JUMBO STORAGE BAG SKULLS,10,3/18/11 12:56,1.95,14194,United Kingdom
544352,22540,MINI JIGSAW CIRCUS PARADE ,24,2/18/11 10:16,0.42,15290,United Kingdom
553351,85152,HAND OVER THE CHOCOLATE   SIGN ,1,5/16/11 13:35,2.1,18118,United Kingdom
568134,21260,FIRST AID TIN,1,9/23/11 17:02,6.63,,United Kingdom
540374,22198,LARGE POPCORN HOLDER ,24,1/6/11 17:19,1.65,15845,United Kingdom
545667,85116,BLACK CANDELABRA T-LIGHT HOLDER,1,3/4/11 16:07,1.63,,United Kingdom
558475,22752,SET 7 BABUSHKA NESTING BOXES,14,6/29/11 15:58,8.29,,United Kingdom
547063,22027,TEA PARTY BIRTHDAY CARD,12,3/20/11 13:33,0.42,14769,United Kingdom
571215,21673,WHITE SPOT BLUE CERAMIC DRAWER KNOB,12,10/14/11 12:57,1.45,13810,Germany
572741,22779,WOODEN OWLS LIGHT GARLAND ,4,10/25/11 15:47,4.25,14341,United Kingdom
565617,23321,SMALL WHITE HEART OF WICKER,3,9/5/11 15:30,1.65,,United Kingdom
539570,21928,JUMBO BAG SCANDINAVIAN PAISLEY,10,12/20/10 12:05,1.95,15078,United Kingdom
577358,23229,VINTAGE DONKEY TAIL GAME ,2,11/18/11 15:59,7.46,,United Kingdom
577741,22150,3 STRIPEY MICE FELTCRAFT,12,11/21/11 13:40,1.95,12921,United Kingdom
540126,21110,LARGE CAKE TOWEL PINK SPOTS,96,1/5/11 10:45,1.95,13798,United Kingdom
578827,22699,ROSES REGENCY TEACUP AND SAUCER ,3,11/25/11 14:25,5.79,,United Kingdom
573083,21621,VINTAGE UNION JACK BUNTING,6,10/27/11 14:22,8.5,13735,United Kingdom
544089,21447,12 IVORY ROSE PEG PLACE SETTINGS,3,2/15/11 17:51,2.46,,United Kingdom
575501,23096,PETIT TRAY CHIC,12,11/10/11 9:59,1.65,16218,United Kingdom
557491,85213,,66,6/20/11 15:08,0,,United Kingdom
574714,22439,6 ROCKET BALLOONS ,1,11/6/11 14:29,0.65,15427,United Kingdom
549733,85123A,WHITE HANGING HEART T-LIGHT HOLDER,6,4/11/11 16:56,2.95,17827,United Kingdom
C538119,21777,RECIPE BOX WITH METAL HEART,-2,12/9/10 15:34,7.95,13136,United Kingdom
560555,21982,PACK OF 12 SUKI TISSUES ,7,7/19/11 13:01,0.29,14178,United Kingdom
556234,22411,JUMBO SHOPPER VINTAGE RED PAISLEY,1,6/9/11 15:27,2.08,17961,United Kingdom
566739,22634,CHILDS BREAKFAST SET SPACEBOY ,2,9/14/11 14:30,9.95,12566,Germany
536801,22568,FELTCRAFT CUSHION OWL,4,12/2/10 16:12,3.75,,United Kingdom
559907,20723,STRAWBERRY CHARLOTTE BAG,10,7/13/11 13:37,0.85,12766,Portugal
556179,22985,WRAP BILLBOARD FONTS DESIGN,25,6/9/11 11:27,0.42,13756,United Kingdom
577613,84347,ROTATING SILVER ANGELS T-LIGHT HLDR,6,11/21/11 10:02,2.55,14911,EIRE
575972,21561,DINOSAUR LUNCH BOX WITH CUTLERY,2,11/13/11 13:01,2.55,14499,United Kingdom
569141,23355,HOT WATER BOTTLE KEEP CALM,4,9/30/11 15:02,4.95,13021,United Kingdom
572101,23481,PEARLISED IVORY HEART SMALL ,24,10/20/11 15:47,1.25,16705,United Kingdom
538896,20914,SET/5 RED RETROSPOT LID GLASS BOWLS,6,12/15/10 9:09,2.95,16145,United Kingdom
557225,23033,DRAWER KNOB CERAMIC RED,6,6/17/11 13:37,1.45,15311,United Kingdom
549574,22138,BAKING SET 9 PIECE RETROSPOT ,3,4/10/11 16:02,4.95,18226,United Kingdom
570829,23300,GARDENERS KNEELING PAD CUP OF TEA ,12,10/12/11 13:17,1.65,16295,United Kingdom
577252,23182,TOILET SIGN OCCUPIED OR VACANT,1,11/18/11 12:22,0.83,18034,United Kingdom
572037,22988,SOLDIERS EGG CUP ,4,10/20/11 12:07,1.25,17365,United Kingdom
539464,21741,COSY SLIPPER SHOES LARGE GREEN,4,12/19/10 11:35,2.95,17913,United Kingdom
573992,23354,6 GIFT TAGS 50'S CHRISTMAS ,12,11/2/11 11:20,0.83,15275,United Kingdom
572294,22111,SCOTTIE DOG HOT WATER BOTTLE,3,10/23/11 13:10,4.95,13471,United Kingdom
558774,84912B,GREEN ROSE WASHBAG,1,7/4/11 10:17,3.29,,United Kingdom
560209,23169,CLASSIC GLASS COOKIE JAR,6,7/15/11 14:05,4.15,15004,United Kingdom
550986,22423,REGENCY CAKESTAND 3 TIER,2,4/21/11 18:06,24.96,,United Kingdom
564346,23240,SET OF 4 KNICK KNACK TINS DOILY ,6,8/24/11 14:54,4.15,15727,United Kingdom
576339,22895,SET OF 2 TEA TOWELS APPLE AND PEARS,1,11/14/11 15:27,6.63,14096,United Kingdom
573158,22734,SET OF 6 RIBBONS VINTAGE CHRISTMAS,6,10/28/11 8:56,2.89,14738,United Kingdom
573339,21948,SET OF 6 CAKE CHOPSTICKS,6,10/30/11 11:49,1.25,13278,United Kingdom
547667,22983,CARD BILLBOARD FONT,12,3/24/11 13:25,0.42,16700,United Kingdom
573104,23494,VINTAGE DOILY DELUXE SEWING KIT ,3,10/27/11 14:59,5.95,17652,United Kingdom
545078,22297,HEART IVORY TRELLIS SMALL,2,2/28/11 10:15,2.46,,United Kingdom
550447,23184,BULL DOG BOTTLE OPENER,1,4/18/11 12:36,4.95,16033,United Kingdom
C580749,22795,SWEETHEART RECIPE BOOK STAND,-6,12/6/11 9:49,0.7,18167,United Kingdom
570718,22712,CARD DOLLY GIRL ,12,10/12/11 10:36,0.42,12518,Germany
C581228,23210,WHITE ROCKING HORSE HAND PAINTED,-12,12/8/11 10:06,1.25,16019,United Kingdom
548651,22366,DOORMAT AIRMAIL ,10,4/1/11 13:33,6.75,14970,United Kingdom
581471,20685,DOORMAT RED RETROSPOT,1,12/8/11 19:29,8.25,14702,United Kingdom
562553,22094,RED RETROSPOT TISSUE BOX,1,8/5/11 16:34,2.46,,United Kingdom
565595,22439,6 ROCKET BALLOONS ,24,9/5/11 14:13,0.65,13192,United Kingdom
545015,22722,SET OF 6 SPICE TINS PANTRY DESIGN,4,2/25/11 13:40,3.95,13742,United Kingdom
560444,22097,SWALLOW SQUARE TISSUE BOX,5,7/18/11 17:15,0.39,13764,United Kingdom
550515,22521,CHILDS GARDEN TROWEL PINK,1,4/18/11 17:29,0.85,14502,United Kingdom
567665,22107,PIZZA PLATE IN BOX,1,9/21/11 15:22,3.29,,United Kingdom
581171,21891,TRADITIONAL WOODEN SKIPPING ROPE,12,12/7/11 15:02,1.45,12615,France
549741,22894,TABLECLOTH RED APPLES DESIGN ,2,4/12/11 9:53,9.95,13655,United Kingdom
C551508,23176,ABC TREASURE BOOK BOX ,-8,4/28/11 18:16,2.25,13102,United Kingdom
552542,23205,CHARLOTTE BAG VINTAGE ALPHABET ,10,5/10/11 10:20,0.85,16841,United Kingdom
571909,23090,VINTAGE GLASS T-LIGHT HOLDER,4,10/19/11 15:08,0.83,15006,United Kingdom
578149,23014,GLASS APOTHECARY BOTTLE ELIXIR,1,11/23/11 11:11,8.29,,United Kingdom
556263,22372,AIRLINE BAG VINTAGE WORLD CHAMPION ,2,6/9/11 18:41,4.25,13969,United Kingdom
553863,23299,FOOD COVER WITH BEADS SET 2 ,3,5/19/11 14:05,3.75,13418,United Kingdom
537823,20973,12 PENCIL SMALL TUBE WOODLAND,5,12/8/10 14:25,1.28,,United Kingdom
571942,23660,HENRIETTA HEN MUG ,12,10/20/11 10:06,1.65,17434,United Kingdom
559338,22291,HANGING CHICK CREAM DECORATION,2,7/7/11 16:30,1.25,,United Kingdom
579276,22563,HAPPY STENCIL CRAFT,12,11/29/11 10:10,1.25,12654,Germany
574561,21618,4 WILDFLOWER BOTANICAL CANDLES,1,11/4/11 15:52,3.29,,United Kingdom
537236,22179,SET 10 LIGHTS NIGHT OWL,2,12/6/10 9:52,6.75,16858,United Kingdom
573145,22558,CLOTHES PEGS RETROSPOT PACK 24 ,12,10/27/11 18:02,1.65,18219,United Kingdom
576840,84596G,SMALL CHOCOLATES PINK BOWL,1,11/16/11 15:23,0.83,,United Kingdom
553549,23301,GARDENERS KNEELING PAD KEEP CALM ,1,5/17/11 16:09,3.29,,United Kingdom
541809,20676,RED RETROSPOT BOWL,11,1/21/11 14:59,2.46,,United Kingdom
571682,22588,CARD HOLDER GINGHAM HEART,1,10/18/11 14:00,2.89,14179,United Kingdom
573405,22638,SET OF 4 NAPKIN CHARMS CROWNS ,4,10/30/11 15:55,2.55,13822,United Kingdom
545023,21975,PACK OF 60 DINOSAUR CAKE CASES,24,2/25/11 14:25,0.55,12921,United Kingdom
547720,22784,LANTERN CREAM GAZEBO ,3,3/25/11 10:08,4.95,14209,United Kingdom
559128,23084,RABBIT NIGHT LIGHT,5,7/6/11 12:39,2.08,17238,United Kingdom
576075,23307,SET OF 60 PANTRY DESIGN CAKE CASES ,6,11/13/11 16:16,0.55,15861,United Kingdom
574738,21479,WHITE SKULL HOT WATER BOTTLE ,6,11/6/11 16:01,4.25,12748,United Kingdom
563538,84596B,SMALL DOLLY MIX DESIGN ORANGE BOWL,8,8/17/11 11:48,0.42,17841,United Kingdom
553488,21407,BROWN CHECK CAT DOORSTOP ,1,5/17/11 12:40,4.25,18043,United Kingdom
552702,22090,PAPER BUNTING RETROSPOT,9,5/10/11 16:00,5.79,,United Kingdom
565445,23189,SET OF 12 FORK CANDLES,1,9/4/11 14:50,2.89,13548,United Kingdom
556019,23173,REGENCY TEAPOT ROSES ,12,6/8/11 12:02,8.15,18092,United Kingdom
577016,47566,PARTY BUNTING,4,11/17/11 12:21,4.95,17095,United Kingdom
560360,23020,GLASS  SONGBIRD STORAGE JAR,8,7/18/11 11:55,11.15,12744,Singapore
554151,23193,BUFFALO BILL TREASURE BOOK BOX,6,5/23/11 11:07,2.25,14049,United Kingdom
560097,22993,SET OF 4 PANTRY JELLY MOULDS,12,7/14/11 17:40,1.25,13050,United Kingdom
557016,48187,DOORMAT NEW ENGLAND,1,6/16/11 12:29,7.95,16942,United Kingdom
566985,21890,S/6 WOODEN SKITTLES IN COTTON BAG,1,9/16/11 10:42,5.79,,United Kingdom
577051,85035C,ROSE 3 WICK MORRIS BOX CANDLE,1,11/17/11 14:02,1.25,14034,United Kingdom
576696,23356,LOVE HOT WATER BOTTLE,2,11/16/11 12:26,5.95,16669,United Kingdom
563909,22487,WHITE WOOD GARDEN PLANT LADDER,1,8/21/11 12:36,9.95,15701,United Kingdom
571082,22489,PACK OF 12 TRADITIONAL CRAYONS,1,10/13/11 15:25,0.83,,United Kingdom
570479,22629,SPACEBOY LUNCH BOX ,3,10/10/11 16:58,1.95,17589,United Kingdom
540946,22720,SET OF 3 CAKE TINS PANTRY DESIGN ,3,1/12/11 12:43,4.95,12359,Cyprus
564544,23266,SET OF 3 WOODEN STOCKING DECORATION,12,8/25/11 15:50,1.25,15663,United Kingdom
580678,16236,KITTY PENCIL ERASERS,1,12/5/11 14:49,0.21,18015,United Kingdom
576695,21328,BALLOONS  WRITING SET ,1,11/16/11 12:25,1.65,16469,United Kingdom
543011,85123A,WHITE HANGING HEART T-LIGHT HOLDER,24,2/2/11 13:25,2.95,15270,United Kingdom
575481,84199,GLOW IN DARK DOLPHINS,5,11/9/11 16:28,0.21,15679,United Kingdom
569367,22729,ALARM CLOCK BAKELIKE ORANGE,2,10/3/11 15:28,3.75,13994,United Kingdom
550209,72349b,SET/6 PURPLE BUTTERFLY T-LIGHTS,1,4/15/11 10:39,4.13,,United Kingdom
565117,21671,RED SPOT CERAMIC DRAWER KNOB,12,9/1/11 11:33,1.25,13089,United Kingdom
573138,22943,CHRISTMAS LIGHTS 10 VINTAGE BAUBLES,4,10/27/11 17:22,4.95,15023,United Kingdom
537641,21494,ROTATING LEAVES T-LIGHT HOLDER,1,12/7/10 15:32,5.91,,United Kingdom
555558,22328,ROUND SNACK BOXES SET OF 4 FRUITS ,2,6/5/11 14:06,2.95,14159,United Kingdom
537826,22508,DOORSTOP RETROSPOT HEART,1,12/8/10 14:38,3.75,15581,United Kingdom
540848,90201C,RED ENAMEL FLOWER RING,1,1/12/11 9:26,2.96,,United Kingdom
577972,84663A,,1,11/22/11 12:13,0,,United Kingdom
545894,85214,TUB 24 PINK FLOWER PEGS,3,3/7/11 17:04,1.65,16242,United Kingdom
578852,82580,BATHROOM METAL SIGN,2,11/27/11 11:12,0.55,17841,United Kingdom
556108,23072,MARIE ANTOINETTE TRINKET BOX SILVER,1,6/8/11 17:59,24.96,,United Kingdom
566433,21210,SET OF 72 RETROSPOT PAPER  DOILIES,12,9/12/11 14:54,1.45,16839,United Kingdom
550206,22502,PICNIC BASKET WICKER SMALL,3,4/15/11 10:38,8.29,,United Kingdom
579461,84978,HANGING HEART JAR T-LIGHT HOLDER,12,11/29/11 14:42,1.25,15615,United Kingdom
546538,15044A,PINK PAPER PARASOL ,6,3/14/11 14:51,2.95,16327,United Kingdom
568099,21755,LOVE BUILDING BLOCK WORD,2,9/23/11 15:18,6.25,15916,United Kingdom
569565,20728,LUNCH BAG CARS BLUE,10,10/5/11 9:52,1.65,16722,United Kingdom
578153,21849,SILVER DIAMANTE PEN IN GIFT BOX,1,11/23/11 11:22,4.95,12748,United Kingdom
551006,85099B,JUMBO BAG RED RETROSPOT,4,4/26/11 9:48,4.13,,United Kingdom
545688,82583,HOT BATHS METAL SIGN,4,3/6/11 12:42,2.1,16033,United Kingdom
577951,23084,RABBIT NIGHT LIGHT,3,11/22/11 12:09,2.08,17238,United Kingdom
581217,21846,PINK DIAMANTE PEN IN GIFT BOX,1,12/8/11 9:20,8.29,,United Kingdom
537240,21098,CHRISTMAS TOILET ROLL,16,12/6/10 10:08,2.51,,United Kingdom
564742,23350,ROLL WRAP VINTAGE SPOT ,1,8/28/11 15:01,1.25,17346,United Kingdom
566582,48111,DOORMAT 3 SMILEY CATS,2,9/13/11 13:49,8.25,13384,United Kingdom
549015,22079,RIBBON REEL HEARTS DESIGN ,10,4/5/11 15:12,1.65,15244,United Kingdom
C542426,22219,LOVEBIRD HANGING DECORATION WHITE ,-12,1/28/11 9:32,0.85,14146,United Kingdom
569870,84536A,ENGLISH ROSE NOTEBOOK A7 SIZE,2,10/6/11 14:59,0.42,12757,Portugal
567099,22682,FRENCH BLUE METAL DOOR SIGN 7,2,9/16/11 13:31,1.25,15311,United Kingdom
552530,23191,BUNDLE OF 3 RETRO NOTE BOOKS,12,5/10/11 8:58,1.65,13055,United Kingdom
562543,23201,JUMBO BAG ALPHABET,30,8/5/11 15:45,2.08,13552,United Kingdom
580188,23319,BOX OF 6 MINI 50'S CRACKERS,6,12/2/11 12:02,2.49,16440,United Kingdom
564337,22610,PENS ASSORTED FUNNY FACE,36,8/24/11 14:40,0.19,12649,Germany
580865,22440,BALLOON WATER BOMB PACK OF 35,10,12/6/11 11:58,0.42,17914,United Kingdom
552232,21829,DINOSAUR KEYRINGS ASSORTED,15,5/6/11 15:54,0.42,,United Kingdom
571098,84971S,SMALL HEART FLOWERS HOOK ,4,10/13/11 15:38,0.85,17841,United Kingdom
567092,22749,FELTCRAFT PRINCESS CHARLOTTE DOLL,4,9/16/11 12:48,3.75,13196,United Kingdom
574722,22469,HEART OF WICKER SMALL,1,11/6/11 14:45,1.65,14502,United Kingdom
580730,90188,DROP EARRINGS W FLOWER & LEAF,1,12/5/11 17:28,2.48,,United Kingdom
547714,20978,36 PENCILS TUBE SKULLS,32,3/25/11 8:43,1.25,15815,United Kingdom
577516,21873,IF YOU CAN'T STAND THE HEAT MUG,1,11/20/11 13:08,1.25,16533,United Kingdom
570673,23256,CHILDRENS CUTLERY SPACEBOY ,4,10/11/11 14:54,4.15,15351,United Kingdom
540352,21539,RED RETROSPOT BUTTER DISH,1,1/6/11 14:27,10.17,,United Kingdom
542905,84988,SET OF 72 PINK HEART PAPER DOILIES,12,2/1/11 15:11,1.45,12540,Spain
566949,71459,HANGING JAM JAR T-LIGHT HOLDERS,4,9/15/11 16:32,1.66,,United Kingdom
577034,21832,CHOCOLATE CALCULATOR,24,11/17/11 13:16,1.65,12847,United Kingdom
561651,22244,3 HOOK HANGER MAGIC GARDEN,1,7/28/11 15:36,4.13,,United Kingdom
570103,22189,CREAM HEART CARD HOLDER,1,10/7/11 12:18,3.95,15719,United Kingdom
541695,22740,POLKADOT PEN,1,1/20/11 18:01,1.63,,United Kingdom
538652,20675,BLUE POLKADOT BOWL,6,12/13/10 15:12,1.25,17890,United Kingdom
575964,21327,SKULLS WRITING SET ,2,11/13/11 12:31,1.65,15021,United Kingdom
573905,23102,SILVER HEARTS TABLE DECORATION,12,11/1/11 15:06,0.83,16971,United Kingdom
563193,85131D,BEADED CRYSTAL HEART PINK ON STICK,9,8/12/11 16:30,0.83,,United Kingdom
561627,22279,POCKET BAG BLUE PAISLEY RED SPOT,12,7/28/11 14:08,1.25,12453,Austria
575070,85099C,JUMBO  BAG BAROQUE BLACK WHITE,6,11/8/11 12:58,2.08,17841,United Kingdom
573286,21892,TRADITIONAL WOODEN CATCH CUP GAME ,2,10/28/11 14:38,1.25,,Switzerland
555843,22804,CANDLEHOLDER PINK HANGING HEART,6,6/7/11 13:00,2.95,12584,Italy
570187,23204,CHARLOTTE BAG APPLES DESIGN,2,10/7/11 15:09,1.63,,United Kingdom
558631,84580,MOUSE TOY WITH PINK T-SHIRT,2,6/30/11 18:17,3.75,17921,United Kingdom
570448,22411,JUMBO SHOPPER VINTAGE RED PAISLEY,10,10/10/11 14:55,2.08,13224,United Kingdom
559680,22928,YELLOW GIANT GARDEN THERMOMETER,2,7/11/11 14:47,5.95,12717,Greece
548151,22851,SET 20 NAPKINS FAIRY CAKES DESIGN ,12,3/29/11 12:57,0.85,13803,United Kingdom
559547,23005,TRAVEL CARD WALLET I LOVE LONDON,3,7/10/11 15:12,0.42,17758,United Kingdom
560926,22322,BIRD DECORATION GREEN POLKADOT,2,7/22/11 9:20,0.83,,United Kingdom
566444,22720,SET OF 3 CAKE TINS PANTRY DESIGN ,3,9/12/11 15:32,4.95,14020,United Kingdom
544928,22900, SET 2 TEA TOWELS I LOVE LONDON ,1,2/24/11 18:07,5.79,,United Kingdom
578153,20893,HANGING BAUBLE T-LIGHT HOLDER SMALL,2,11/23/11 11:22,2.55,12748,United Kingdom
536551,22112,CHOCOLATE HOT WATER BOTTLE,1,12/1/10 14:34,4.95,17346,United Kingdom
569734,22909,SET OF 20 VINTAGE CHRISTMAS NAPKINS,12,10/6/11 10:31,0.85,14538,United Kingdom
555722,22190,LOCAL CAFE MUG,1,6/6/11 16:06,2.46,,United Kingdom
572563,23582,VINTAGE DOILY JUMBO BAG RED ,10,10/25/11 9:31,2.08,12928,United Kingdom
579741,90164A,PINK ROSEBUD PEARL BRACELET,1,11/30/11 14:33,1.95,16910,United Kingdom
553566,23112,PARISIENNE CURIO CABINET,2,5/18/11 9:09,7.5,12690,France
565519,85114B,IVORY ENCHANTED FOREST PLACEMAT,12,9/5/11 11:52,1.65,12502,Spain
568171,23504,PLAYING CARDS JUBILEE UNION JACK,12,9/25/11 13:10,1.25,15312,United Kingdom
546117,22469,HEART OF WICKER SMALL,4,3/9/11 13:56,1.65,16771,United Kingdom
573150,22196,SMALL HEART MEASURING SPOONS,1,10/27/11 20:07,0.85,15014,United Kingdom
547026,22768,FAMILY PHOTO FRAME CORNICE,2,3/18/11 17:07,9.95,14633,United Kingdom
560251,21159,MOODY BOY  DOOR HANGER ,1,7/17/11 12:32,0.39,17774,United Kingdom
572047,22327,ROUND SNACK BOXES SET OF 4 SKULLS,2,10/20/11 12:13,2.95,16474,United Kingdom
572552,22699,ROSES REGENCY TEACUP AND SAUCER ,2,10/24/11 17:07,5.79,14096,United Kingdom
563162,22681,FRENCH BLUE METAL DOOR SIGN 6,20,8/12/11 12:15,1.25,16013,United Kingdom
569728,84945,MULTI COLOUR SILVER T-LIGHT HOLDER,24,10/6/11 9:38,0.85,15416,United Kingdom
554694,21086,SET/6 RED SPOTTY PAPER CUPS,3,5/25/11 17:06,1.63,,United Kingdom
545155,22427,ENAMEL FLOWER JUG CREAM,4,2/28/11 13:25,5.95,14527,United Kingdom
573585,22144,CHRISTMAS CRAFT LITTLE FRIENDS,4,10/31/11 14:41,4.13,,United Kingdom
550320,20726,LUNCH BAG WOODLAND,2,4/17/11 12:37,1.65,12748,United Kingdom
575694,22195,LARGE HEART MEASURING SPOONS,1,11/10/11 16:38,1.65,12748,United Kingdom
578827,23220,REINDEER HEART DECORATION GOLD,6,11/25/11 14:25,1.63,,United Kingdom
578022,79160,HEART SHAPE WIRELESS DOORBELL,1,11/22/11 13:25,2.1,17371,United Kingdom
537666,21012,ANTIQUE ALL GLASS CANDLESTICK,2,12/7/10 18:36,2.51,,United Kingdom
577127,22909,SET OF 20 VINTAGE CHRISTMAS NAPKINS,12,11/17/11 19:27,0.85,16871,United Kingdom
548258,22551,PLASTERS IN TIN SPACEBOY,12,3/30/11 11:04,1.65,14146,United Kingdom
543518,47566,PARTY BUNTING,100,2/9/11 11:21,3.75,12753,Japan
548991,21068,VINTAGE BILLBOARD LOVE/HATE MUG,1,4/5/11 13:48,1.25,16915,United Kingdom
543985,22385,JUMBO BAG SPACEBOY DESIGN,1,2/15/11 9:44,4.13,,United Kingdom
574076,85061W,WHITE JEWELLED HEART DECORATION,2,11/2/11 15:38,1.63,,United Kingdom
564840,21189,WHITE HONEYCOMB PAPER GARLAND ,1,8/30/11 12:49,3.29,,United Kingdom
536831,21928,JUMBO BAG SCANDINAVIAN PAISLEY,100,12/2/10 17:40,1.65,16029,United Kingdom
538255,21537,RED RETROSPOT PUDDING BOWL,4,12/10/10 12:33,4.25,14911,EIRE
580730,21908,CHOCOLATE THIS WAY METAL SIGN,1,12/5/11 17:28,4.13,,United Kingdom
571713,21719,LOVELY BONBON STICKER SHEET,1,10/18/11 16:58,1.63,,United Kingdom
566711,21578,,-31,9/14/11 12:03,0,,United Kingdom
567138,23439,HAND WARMER RED LOVE HEART,12,9/16/11 14:39,2.1,17652,United Kingdom
572854,90016A,SILVER/M.O.P PENDANT ORBIT NECKLACE,9,10/26/11 12:28,4.25,14096,United Kingdom
544803,22475,SKULL DESIGN TV DINNER TRAY,1,2/23/11 14:29,4.95,14606,United Kingdom
556474,23199,JUMBO BAG APPLES,1,6/12/11 12:01,2.08,16007,United Kingdom
C581117,23238,SET OF 4 KNICK KNACK TINS LONDON ,-2,12/7/11 12:24,4.15,16393,United Kingdom
580610,20717,STRAWBERRY SHOPPER BAG,1,12/5/11 11:48,2.46,,United Kingdom
551276,21713,CITRONELLA CANDLE FLOWERPOT,2,4/27/11 13:06,2.1,16016,United Kingdom
559041,21930,JUMBO STORAGE BAG SKULLS,1,7/5/11 15:33,4.96,,United Kingdom
557758,16216,LETTER SHAPE PENCIL SHARPENER,80,6/22/11 13:28,0.06,17585,United Kingdom
538636,21908,CHOCOLATE THIS WAY METAL SIGN,12,12/13/10 13:50,2.1,14639,United Kingdom
570983,23343,JUMBO BAG VINTAGE CHRISTMAS ,3,10/13/11 11:57,2.08,14963,United Kingdom
561891,21535,RED RETROSPOT SMALL MILK JUG,2,7/31/11 14:19,2.55,15438,United Kingdom
561079,20756,GREEN FERN POCKET BOOK,3,7/24/11 16:12,0.85,13956,United Kingdom
575037,22577,WOODEN HEART CHRISTMAS SCANDINAVIAN,20,11/8/11 11:51,0.29,16066,United Kingdom
555147,23102,SILVER HEARTS TABLE DECORATION,12,5/31/11 15:41,0.83,13505,Switzerland
565145,23077,DOUGHNUT LIP GLOSS ,200,9/1/11 13:50,1.04,12415,Australia
581217,22417,PACK OF 60 SPACEBOY CAKE CASES,1,12/8/11 9:20,1.25,,United Kingdom
561667,22728,ALARM CLOCK BAKELIKE PINK,4,7/28/11 17:00,3.75,,EIRE
562104,22110,BIRD HOUSE HOT WATER BOTTLE,1,8/2/11 14:31,7.46,,United Kingdom
562213,22560,TRADITIONAL MODELLING CLAY,6,8/3/11 13:39,1.25,13975,United Kingdom
558696,22386,JUMBO BAG PINK POLKADOT,10,7/1/11 12:09,2.08,16746,United Kingdom
551518,72741,GRAND CHOCOLATECANDLE,9,5/1/11 11:36,1.45,15708,United Kingdom
564053,20724,RED RETROSPOT CHARLOTTE BAG,20,8/22/11 13:42,0.85,14188,United Kingdom
556108,85123A,WHITE HANGING HEART T-LIGHT HOLDER,1,6/8/11 17:59,2.95,,United Kingdom
580305,21239,PINK  POLKADOT CUP,1,12/2/11 14:26,0.85,12970,United Kingdom
563193,15058B,PINK POLKADOT GARDEN PARASOL,1,8/12/11 16:30,10.79,,United Kingdom
573002,22142,CHRISTMAS CRAFT WHITE FAIRY ,160,10/27/11 12:09,1.25,14646,Netherlands
538035,22296,HEART IVORY TRELLIS LARGE,4,12/9/10 13:03,1.65,16065,United Kingdom
548191,22939,APRON APPLE DELIGHT,1,3/29/11 15:20,4.96,,United Kingdom
552867,82484,WOOD BLACK BOARD ANT WHITE FINISH,12,5/12/11 8:36,6.75,15513,United Kingdom
556108,21179,NO JUNK MAIL METAL SIGN,1,6/8/11 17:59,1.63,,United Kingdom
571082,23035,DRAWER KNOB CERAMIC IVORY,1,10/13/11 15:25,3.29,,United Kingdom
562779,22212,FOUR HOOK  WHITE LOVEBIRDS,1,8/9/11 12:58,2.1,17841,United Kingdom
560644,23182,TOILET SIGN OCCUPIED OR VACANT,7,7/20/11 11:22,0.83,16271,United Kingdom
544677,22726,ALARM CLOCK BAKELIKE GREEN,1,2/22/11 16:13,3.75,18196,United Kingdom
548203,21354,TOAST ITS - BEST MUM,7,3/29/11 16:41,2.95,,United Kingdom
547063,22630,DOLLY GIRL LUNCH BOX,2,3/20/11 13:33,1.95,14769,United Kingdom
545345,22844,VINTAGE CREAM DOG FOOD CONTAINER,2,3/2/11 9:33,8.5,14180,United Kingdom
569227,23535,BICYCLE SAFTEY WALL ART,4,10/2/11 14:37,5.95,14051,United Kingdom
578858,23598,PAPER BUNTING VINTAGE PARTY,4,11/27/11 11:22,2.95,18145,United Kingdom
571408,20677,PINK POLKADOT BOWL,1,10/17/11 12:22,1.25,15012,United Kingdom
554054,84987,SET OF 36 TEATIME PAPER DOILIES,1,5/20/11 15:29,2.92,,United Kingdom
557643,22139,RETROSPOT TEA SET CERAMIC 11 PC ,1,6/21/11 16:36,10.79,,United Kingdom
552320,23253,16 PIECE CUTLERY SET PANTRY DESIGN,2,5/9/11 8:26,15.95,13985,United Kingdom
555383,84991,60 TEATIME FAIRY CAKE CASES,2,6/2/11 15:13,0.55,12517,Germany
575965,20982,12 PENCILS TALL TUBE SKULLS,12,11/13/11 12:32,0.85,13426,United Kingdom
570333,85116,BLACK CANDELABRA T-LIGHT HOLDER,2,10/10/11 12:19,0.65,18126,United Kingdom
537195,37444A,YELLOW BREAKFAST CUP AND SAUCER,1,12/5/10 13:55,2.95,15311,United Kingdom
542231,22564,ALPHABET STENCIL CRAFT,4,1/26/11 13:40,1.25,16714,United Kingdom
541987,22195,LARGE HEART MEASURING SPOONS,3,1/24/11 16:05,1.65,14130,United Kingdom
571229,84836,ZINC METAL HEART DECORATION,3,10/14/11 14:04,1.25,15453,United Kingdom
571069,72760B,VINTAGE CREAM 3 BASKET CAKE STAND,1,10/13/11 15:15,9.95,13668,United Kingdom
539082,84029G,KNITTED UNION FLAG HOT WATER BOTTLE,4,12/16/10 9:22,3.75,13317,United Kingdom
556267,22478,BIRDHOUSE GARDEN MARKER ,20,6/9/11 19:33,1.25,13694,United Kingdom
577078,90064A,WHITE VINTAGE CRYSTAL EARRINGS,1,11/17/11 15:17,4.15,,United Kingdom
560090,84559A,3D SHEET OF DOG STICKERS,1,7/14/11 16:46,0.79,,United Kingdom
569383,21039,RED RETROSPOT SHOPPING BAG,6,10/3/11 16:46,2.55,15159,United Kingdom
575325,22619,SET OF 6 SOLDIER SKITTLES,1,11/9/11 13:46,3.75,17293,United Kingdom
563928,20728,LUNCH BAG CARS BLUE,3,8/21/11 15:17,1.65,17059,United Kingdom
550134,21718,RED METAL BEACH SPADE ,64,4/14/11 13:50,1.25,16249,United Kingdom
566124,22961,JAM MAKING SET PRINTED,6,9/9/11 11:15,1.45,16515,United Kingdom
569363,23355,HOT WATER BOTTLE KEEP CALM,8,10/3/11 15:08,4.95,13297,United Kingdom
537434,22738,RIBBON REEL SNOWY VILLAGE,1,12/6/10 16:57,3.36,,United Kingdom
543915,85170C,SET/6 EAU DE NIL BIRD T-LIGHTS,12,2/14/11 13:21,0.85,13717,United Kingdom
570190,21790,VINTAGE SNAP CARDS,12,10/7/11 15:18,0.85,13456,United Kingdom
572513,23507,MINI PLAYING CARDS BUFFALO BILL ,1,10/24/11 14:36,0.42,16728,United Kingdom
549690,21179,NO JUNK MAIL METAL SIGN,1,4/11/11 13:41,1.25,17841,United Kingdom
550630,21399,BLUE POLKADOT COFFEE MUG,48,4/19/11 14:49,0.39,14298,United Kingdom
570594,22969,HOMEMADE JAM SCENTED CANDLES,12,10/11/11 11:43,1.45,13517,United Kingdom
561113,23263,SET OF 3 WOODEN HEART DECORATIONS,3,7/25/11 12:09,1.25,17841,United Kingdom
553552,23208,LUNCH BAG VINTAGE LEAF DESIGN,10,5/17/11 16:23,1.65,17702,United Kingdom
560773,21313,GLASS HEART T-LIGHT HOLDER ,2,7/20/11 16:17,1.63,,United Kingdom
567670,21935,SUKI  SHOULDER BAG,12,9/21/11 15:32,1.63,,United Kingdom
540646,85169D,PINK LOVE BIRD CANDLE,3,1/10/11 14:32,0.85,,United Kingdom
553060,23106,ZINC HEARTS PLANT POT HOLDER,8,5/13/11 10:44,2.89,15826,United Kingdom
573123,22941,CHRISTMAS LIGHTS 10 REINDEER,2,10/27/11 16:23,8.5,13654,United Kingdom
568191,23403,LETTER HOLDER HOME SWEET HOME,3,9/25/11 14:37,3.75,16655,United Kingdom
559981,22917,HERB MARKER ROSEMARY,12,7/14/11 11:30,0.65,14562,United Kingdom
572969,22301,COFFEE MUG CAT + BIRD DESIGN,6,10/27/11 10:46,2.55,13363,United Kingdom
565583,22176,BLUE OWL SOFT TOY,6,9/5/11 12:41,2.95,12816,Poland
C577343,BANK CHARGES,Bank Charges,-1,11/18/11 15:13,27.21,,United Kingdom
556503,21577,SAVE THE PLANET COTTON TOTE BAG,6,6/13/11 8:44,2.25,13517,United Kingdom
555282,47590A,BLUE HAPPY BIRTHDAY BUNTING,20,6/2/11 9:04,5.45,12709,Germany
579777,47593B,SCOTTIE DOGS BABY BIB,2,11/30/11 15:13,0.83,,United Kingdom
562711,47503A,ASS FLORAL PRINT MULTI SCREWDRIVER,1,8/8/11 14:53,0.42,16788,United Kingdom
567671,90214S,"LETTER ""S"" BLING KEY RING",1,9/21/11 15:34,0.83,,United Kingdom
580729,22674,FRENCH TOILET SIGN BLUE METAL,2,12/5/11 17:24,2.46,,United Kingdom
562955,23052,RECYCLED ACAPULCO MAT TURQUOISE,3,8/11/11 10:14,16.63,,United Kingdom
558614,23191,BUNDLE OF 3 RETRO NOTE BOOKS,1,6/30/11 15:56,3.29,,United Kingdom
575502,23503,PLAYING CARDS KEEP CALM & CARRY ON,12,11/10/11 10:10,1.25,16700,United Kingdom
